work_id,constituency_name,state_name,district_name,mp_name,work_description,work_category,sanctioned_amount,sanction_date,actual_expenditure,work_status,implementing_agency,financial_year,expected_completion_date,completion_date,latitude,longitude,anomaly_injected
WRK001001,Patna Sahib,Bihar,Patna,Ravi Shankar Prasad,"Construction of drinking water facility and sanitation block in school at Gandhi Chowk, Patna",EDUCATION,3839501.57,2023-04-28,4667265.06,COMPLETED,Public Works Department (PWD),2023-24,2023-08-22,2023-08-22,25.6707,85.2569,COST_OVERRUN
WRK001002,Patna Sahib,Bihar,Patna,Ravi Shankar Prasad,"Upgradation of Primary Health Centre with maternal care equipment at Vikas Puri, Patna",HEALTH,3729131.1,2023-07-26,3692924.83,COMPLETED,Rural Development Agency (DRDA),2023-24,2024-02-15,2024-07-11,25.6357,85.2238,DELAYED_PROJECT
WRK001003,Patna Sahib,Bihar,Patna,Ravi Shankar Prasad,"Construction of CC road and drainage channel from Main Market to Adarsh Nagar, Patna",ROADS,918414.54,2023-06-07,911847.2,COMPLETED,Municipal Corporation Engineering Cell,2023-24,2023-11-11,2023-11-08,25.7229,85.1919,
WRK001004,Patna Sahib,Bihar,Patna,Ravi Shankar Prasad,"Installation of piped drinking water supply scheme with solar pump at Vikas Puri, Patna",DRINKING_WATER,4238544.58,2023-09-13,4140403.06,COMPLETED,Zilla Parishad Engineering Division,2023-24,2024-05-07,2024-04-24,25.4769,84.9278,
WRK001005,Patna Sahib,Bihar,Patna,Ravi Shankar Prasad,"Construction of modern community sanitary complex with bio-toilets at Gandhi Chowk, Patna",SANITATION,1757274.22,2023-10-27,1704000.37,COMPLETED,Irrigation & Public Health Division,2023-24,2024-04-28,2024-04-15,25.5421,85.1681,
WRK001006,Patna Sahib,Bihar,Patna,Ravi Shankar Prasad,"Construction of covered shed and crematorium facility with lighting at Station Road, Patna",COMMUNITY_ASSETS,3782788.49,2024-01-14,3478179.58,COMPLETED,Public Works Department (PWD),2023-24,2024-09-02,2024-08-19,25.4878,85.0297,
WRK001007,Patna Sahib,Bihar,Patna,Ravi Shankar Prasad,"Supply and erection of 100 kVA distribution transformer for power stabilization at Subhash Ward, Patna",POWER,806988.42,2023-08-31,779896.33,COMPLETED,Rural Development Agency (DRDA),2023-24,2024-02-17,2024-02-06,25.4851,85.0997,
WRK001008,Patna Sahib,Bihar,Patna,Ravi Shankar Prasad,"Setting up of computer lab and digital library in Higher Secondary School at Station Road, Patna",EDUCATION,3857886.5,2023-08-20,3837837.1,COMPLETED,Municipal Corporation Engineering Cell,2023-24,2024-03-06,2024-03-06,25.7591,85.0598,
WRK001009,Patna Sahib,Bihar,Patna,Ravi Shankar Prasad,"Upgradation of Primary Health Centre with maternal care equipment at Sector 4, Patna",HEALTH,1189470.28,2023-06-11,1112289.28,COMPLETED,Zilla Parishad Engineering Division,2023-24,2023-09-25,2023-09-10,25.5539,85.1384,
WRK001010,Patna Sahib,Bihar,Patna,Ravi Shankar Prasad,"Construction of reinforced cement concrete culvert and approach road at Gandhi Chowk, Patna",ROADS,3886658.8,2024-01-15,3828624.13,COMPLETED,Irrigation & Public Health Division,2023-24,2024-06-28,2024-06-21,25.5739,85.0815,
WRK001011,Patna Sahib,Bihar,Patna,Ravi Shankar Prasad,"Construction of additional classrooms in Government High School at Vikas Puri, Patna",EDUCATION,4420388.5,2024-06-09,4320002.0,COMPLETED,Public Works Department (PWD),2024-25,2024-10-27,2024-10-12,25.4611,85.205,
WRK001012,Patna Sahib,Bihar,Patna,Ravi Shankar Prasad,"Supply of mobile health dispensary unit and diagnostic lab at Adarsh Nagar, Patna",HEALTH,596943.37,2024-12-22,549964.26,COMPLETED,Rural Development Agency (DRDA),2024-25,2025-06-08,2025-06-08,25.4958,84.9963,
WRK001013,Patna Sahib,Bihar,Patna,Ravi Shankar Prasad,"Construction of CC road and drainage channel from Main Market to Vikas Puri, Patna",ROADS,1082566.96,2024-06-19,1070997.65,COMPLETED,Municipal Corporation Engineering Cell,2024-25,2024-11-23,2024-11-14,25.6111,85.1426,
WRK001014,Patna Sahib,Bihar,Patna,Ravi Shankar Prasad,"Installation of community reverse osmosis water purification plant at Ram Nagar, Patna",DRINKING_WATER,4984705.68,2024-11-06,4740712.88,COMPLETED,Zilla Parishad Engineering Division,2024-25,2025-06-16,2026-01-12,25.5806,84.9992,DELAYED_PROJECT
WRK001015,Patna Sahib,Bihar,Patna,Ravi Shankar Prasad,"Construction of modern community sanitary complex with bio-toilets at Sector 4, Patna",SANITATION,803712.77,2024-08-11,743904.44,COMPLETED,Irrigation & Public Health Division,2024-25,2025-03-20,2025-03-20,25.4952,85.1676,
WRK001016,Patna Sahib,Bihar,Patna,Ravi Shankar Prasad,"Construction of multipurpose community welfare hall and auditorium at Kisan Basti, Patna",COMMUNITY_ASSETS,1357904.56,2024-11-10,1334375.84,COMPLETED,Public Works Department (PWD),2024-25,2025-05-27,2025-08-10,25.5644,85.2455,DELAYED_PROJECT
WRK001017,Patna Sahib,Bihar,Patna,Ravi Shankar Prasad,"Supply and erection of 100 kVA distribution transformer for power stabilization at Gandhi Chowk, Patna",POWER,1367564.15,2024-08-21,1299801.97,COMPLETED,Rural Development Agency (DRDA),2024-25,2025-01-04,2024-12-23,25.5114,84.9999,
WRK001018,Patna Sahib,Bihar,Patna,Ravi Shankar Prasad,"Construction of additional classrooms in Government High School at Vikas Puri, Patna",EDUCATION,4869754.12,2024-04-23,4807399.01,COMPLETED,Municipal Corporation Engineering Cell,2024-25,2024-09-02,2024-08-23,25.5626,85.0925,
WRK001019,Patna Sahib,Bihar,Patna,Ravi Shankar Prasad,"Construction of Community Health Sub-Centre building at Sector 4, Patna",HEALTH,1701275.73,2024-11-01,1646749.34,COMPLETED,Zilla Parishad Engineering Division,2024-25,2025-05-18,2025-05-18,25.6786,85.1922,
WRK001020,Patna Sahib,Bihar,Patna,Ravi Shankar Prasad,"Construction of CC road and drainage channel from Main Market to Shivaji Nagar, Patna",ROADS,1480333.7,2024-09-14,1414056.24,COMPLETED,Irrigation & Public Health Division,2024-25,2024-12-28,2024-12-18,25.6992,84.9229,
WRK001021,Patna Sahib,Bihar,Patna,Ravi Shankar Prasad,"Construction of drinking water facility and sanitation block in school at Gandhi Chowk, Patna",EDUCATION,809119.61,2025-07-20,778827.41,COMPLETED,Public Works Department (PWD),2025-26,2026-01-29,2026-01-16,25.448,85.2561,
WRK001022,Patna Sahib,Bihar,Patna,Ravi Shankar Prasad,"Construction of Community Health Sub-Centre building at Model Town, Patna",HEALTH,1926346.3,2026-01-08,1808838.73,COMPLETED,Rural Development Agency (DRDA),2025-26,2026-06-27,2026-06-22,25.4955,85.0583,
WRK001023,Patna Sahib,Bihar,Patna,Ravi Shankar Prasad,"Construction of CC road and drainage channel from Main Market to Sector 4, Patna",ROADS,3300889.82,2025-12-06,3252925.03,COMPLETED,Municipal Corporation Engineering Cell,2025-26,2026-07-21,2026-07-13,25.4853,85.0061,
WRK001024,Patna Sahib,Bihar,Patna,Ravi Shankar Prasad,"Construction of 50,000 litre overhead water storage tank at Ram Nagar, Patna",DRINKING_WATER,2477308.2,2025-07-05,2398210.47,COMPLETED,Zilla Parishad Engineering Division,2025-26,2026-02-15,2026-02-04,25.4031,85.2268,
WRK001025,Patna Sahib,Bihar,Patna,Ravi Shankar Prasad,"Underground storm water drainage and sewage disposal network at Gandhi Chowk, Patna",SANITATION,3842514.14,2025-06-09,3597049.39,COMPLETED,Irrigation & Public Health Division,2025-26,2025-10-30,2025-10-30,25.687,84.9814,
WRK001026,Patna Sahib,Bihar,Patna,Ravi Shankar Prasad,"Construction of Gram Panchayat Bhavan cum civic service centre at Sector 4, Patna",COMMUNITY_ASSETS,3362589.77,2025-06-02,3276166.08,COMPLETED,Public Works Department (PWD),2025-26,2025-11-24,2025-11-22,25.7084,85.1548,
WRK001027,Patna Sahib,Bihar,Patna,Ravi Shankar Prasad,"Rooftop solar photovoltaic power system for primary healthcare facility at Sector 4, Patna",POWER,847440.14,2025-06-12,804545.21,COMPLETED,Rural Development Agency (DRDA),2025-26,2026-01-27,2026-01-13,25.4144,85.0477,
WRK001028,Patna Sahib,Bihar,Patna,Ravi Shankar Prasad,"Setting up of computer lab and digital library in Higher Secondary School at Adarsh Nagar, Patna",EDUCATION,4547340.66,2025-05-06,4515086.2,COMPLETED,Municipal Corporation Engineering Cell,2025-26,2025-08-30,2025-08-19,25.5415,85.124,
WRK001029,Patna Sahib,Bihar,Patna,Ravi Shankar Prasad,"Upgradation of Primary Health Centre with maternal care equipment at Station Road, Patna",HEALTH,4466719.02,2025-07-15,4349711.54,COMPLETED,Zilla Parishad Engineering Division,2025-26,2026-01-06,2025-12-29,25.713,85.0647,
WRK001030,Patna Sahib,Bihar,Patna,Ravi Shankar Prasad,"Bituminous surface road connectivity linking village to Station Road, Patna",ROADS,2221921.56,2025-06-10,2174433.85,COMPLETED,Irrigation & Public Health Division,2025-26,2025-10-29,2025-10-21,25.7266,85.0841,
WRK001031,Varanasi,Uttar Pradesh,Varanasi,Narendra Modi,"Supply of mobile health dispensary unit and diagnostic lab at Shivaji Nagar, Varanasi",HEALTH,1985835.98,2023-11-06,1951069.74,COMPLETED,Rural Development Agency (DRDA),2023-24,2024-04-15,2024-04-10,26.7405,80.9038,
WRK001032,Varanasi,Uttar Pradesh,Varanasi,Narendra Modi,"Construction of CC road and drainage channel from Main Market to Gandhi Chowk, Varanasi",ROADS,1313183.56,2023-08-27,1247408.18,COMPLETED,Municipal Corporation Engineering Cell,2023-24,2023-12-22,2023-12-10,26.8386,80.8383,
WRK001033,Varanasi,Uttar Pradesh,Varanasi,Narendra Modi,"Construction of 50,000 litre overhead water storage tank at Model Town, Varanasi",DRINKING_WATER,1653367.55,2023-07-22,1538893.03,COMPLETED,Zilla Parishad Engineering Division,2023-24,2024-03-05,2024-03-03,26.8747,81.0761,
WRK001034,Varanasi,Uttar Pradesh,Varanasi,Narendra Modi,"Construction of modern community sanitary complex with bio-toilets at Adarsh Nagar, Varanasi",SANITATION,3486578.21,2023-09-23,3272685.06,COMPLETED,Irrigation & Public Health Division,2023-24,2024-04-29,2024-04-18,26.7237,80.8634,
WRK001035,Varanasi,Uttar Pradesh,Varanasi,Narendra Modi,"Construction of multipurpose community welfare hall and auditorium at Subhash Ward, Varanasi",COMMUNITY_ASSETS,3556968.24,2023-10-27,3314434.99,COMPLETED,Public Works Department (PWD),2023-24,2024-04-11,2024-04-06,26.7624,81.0335,
WRK001036,Varanasi,Uttar Pradesh,Varanasi,Narendra Modi,"Supply and erection of 100 kVA distribution transformer for power stabilization at Kisan Basti, Varanasi",POWER,3545483.46,2023-11-28,3419763.68,COMPLETED,Rural Development Agency (DRDA),2023-24,2024-04-09,2024-03-27,26.8635,80.8135,
WRK001037,Varanasi,Uttar Pradesh,Varanasi,Narendra Modi,"Construction of additional classrooms in Government High School at Ram Nagar, Varanasi",EDUCATION,4131091.73,2023-08-09,4072805.96,COMPLETED,Municipal Corporation Engineering Cell,2023-24,2024-03-07,2024-02-27,26.8445,81.0074,
WRK001038,Varanasi,Uttar Pradesh,Varanasi,Narendra Modi,"Supply of mobile health dispensary unit and diagnostic lab at Subhash Ward, Varanasi",HEALTH,2299999.38,2023-12-25,2232547.17,COMPLETED,Zilla Parishad Engineering Division,2023-24,2024-04-20,2024-04-19,26.9114,80.7875,
WRK001039,Varanasi,Uttar Pradesh,Varanasi,Narendra Modi,"Construction of CC road and drainage channel from Main Market to Vikas Puri, Varanasi",ROADS,4629916.53,2023-08-21,4588261.95,COMPLETED,Irrigation & Public Health Division,2023-24,2024-03-16,2024-03-15,26.867,81.0952,
WRK001040,Varanasi,Uttar Pradesh,Varanasi,Narendra Modi,"Installation of community reverse osmosis water purification plant at Vikas Puri, Varanasi",DRINKING_WATER,4243085.54,2023-11-20,3976555.73,COMPLETED,Public Works Department (PWD),2023-24,2024-06-18,2024-06-18,26.78,81.0007,
WRK001041,Varanasi,Uttar Pradesh,Varanasi,Narendra Modi,"Construction of Community Health Sub-Centre building at Kisan Basti, Varanasi",HEALTH,3713373.47,2024-05-25,3443130.57,COMPLETED,Rural Development Agency (DRDA),2024-25,2025-01-08,2024-12-30,26.6322,80.7603,
WRK001042,Varanasi,Uttar Pradesh,Varanasi,Narendra Modi,"Construction of CC road and drainage channel from Main Market to Subhash Ward, Varanasi",ROADS,1993678.51,2024-11-10,1827331.07,COMPLETED,Municipal Corporation Engineering Cell,2024-25,2025-05-26,2025-05-23,26.7558,81.0079,
WRK001043,Varanasi,Uttar Pradesh,Varanasi,Narendra Modi,"Construction of 50,000 litre overhead water storage tank at Sector 4, Varanasi",DRINKING_WATER,1847718.31,2024-10-13,1823374.45,COMPLETED,Zilla Parishad Engineering Division,2024-25,2025-04-28,2025-04-28,26.8153,80.9939,
WRK001044,Varanasi,Uttar Pradesh,Varanasi,Narendra Modi,"Construction of modern community sanitary complex with bio-toilets at Ram Nagar, Varanasi",SANITATION,2689338.94,2024-11-25,2671744.63,COMPLETED,Irrigation & Public Health Division,2024-25,2025-06-06,2025-05-22,26.8897,81.0362,
WRK001045,Varanasi,Uttar Pradesh,Varanasi,Narendra Modi,"Construction of Gram Panchayat Bhavan cum civic service centre at Model Town, Varanasi",COMMUNITY_ASSETS,882107.28,2024-04-29,830193.21,COMPLETED,Public Works Department (PWD),2024-25,2024-09-12,2024-09-09,26.6201,80.8516,
WRK001046,Varanasi,Uttar Pradesh,Varanasi,Narendra Modi,"Supply and erection of 100 kVA distribution transformer for power stabilization at Subhash Ward, Varanasi",POWER,4261855.44,2024-08-23,4165957.91,COMPLETED,Rural Development Agency (DRDA),2024-25,2024-12-04,2024-11-20,27.0,80.84,
WRK001047,Varanasi,Uttar Pradesh,Varanasi,Narendra Modi,"Construction of additional classrooms in Government High School at Shivaji Nagar, Varanasi",EDUCATION,4282780.65,2024-07-27,4158396.7,COMPLETED,Municipal Corporation Engineering Cell,2024-25,2025-02-23,2025-02-19,26.8678,80.9256,
WRK001048,Varanasi,Uttar Pradesh,Varanasi,Narendra Modi,"Upgradation of Primary Health Centre with maternal care equipment at Model Town, Varanasi",HEALTH,4001784.92,2024-06-13,3968385.33,COMPLETED,Zilla Parishad Engineering Division,2024-25,2025-02-06,2025-02-03,26.6103,80.8248,
WRK001049,Varanasi,Uttar Pradesh,Varanasi,Narendra Modi,"Construction of reinforced cement concrete culvert and approach road at Shivaji Nagar, Varanasi",ROADS,3172762.45,2024-05-24,3710357.71,IN_PROGRESS,Irrigation & Public Health Division,2024-25,2024-11-07,,26.9401,80.9402,PAYMENT_RISK
WRK001050,Varanasi,Uttar Pradesh,Varanasi,Narendra Modi,"Construction of 50,000 litre overhead water storage tank at Gandhi Chowk, Varanasi",DRINKING_WATER,3414170.3,2024-12-31,3350313.66,COMPLETED,Public Works Department (PWD),2024-25,2025-08-03,2025-07-23,26.6422,81.0843,
WRK001051,Varanasi,Uttar Pradesh,Varanasi,Narendra Modi,"Supply of mobile health dispensary unit and diagnostic lab at Vikas Puri, Varanasi",HEALTH,3280809.66,2025-09-01,3225485.54,COMPLETED,Rural Development Agency (DRDA),2025-26,2026-03-29,2026-03-16,26.7742,80.9924,
WRK001052,Varanasi,Uttar Pradesh,Varanasi,Narendra Modi,"Bituminous surface road connectivity linking village to Kisan Basti, Varanasi",ROADS,3882884.88,2025-08-18,3618730.62,COMPLETED,Municipal Corporation Engineering Cell,2025-26,2026-02-10,2026-02-03,26.6115,81.0404,
WRK001053,Varanasi,Uttar Pradesh,Varanasi,Narendra Modi,"Construction of 50,000 litre overhead water storage tank at Ram Nagar, Varanasi",DRINKING_WATER,3006273.91,2025-09-04,2916833.49,COMPLETED,Zilla Parishad Engineering Division,2025-26,2026-02-02,2026-02-02,26.888,80.8954,
WRK001054,Varanasi,Uttar Pradesh,Varanasi,Narendra Modi,"Underground storm water drainage and sewage disposal network at Sector 4, Varanasi",SANITATION,1828163.53,2025-06-02,1818530.05,COMPLETED,Irrigation & Public Health Division,2025-26,2026-01-26,2026-01-21,26.7476,80.9214,
WRK001055,Varanasi,Uttar Pradesh,Varanasi,Narendra Modi,"Construction of Gram Panchayat Bhavan cum civic service centre at Kisan Basti, Varanasi",COMMUNITY_ASSETS,1882186.28,2025-09-01,1750079.37,COMPLETED,Public Works Department (PWD),2025-26,2026-02-18,2026-02-09,26.6478,80.9143,
WRK001056,Varanasi,Uttar Pradesh,Varanasi,Narendra Modi,"Rooftop solar photovoltaic power system for primary healthcare facility at Kisan Basti, Varanasi",POWER,3770400.46,2025-09-04,3558769.71,COMPLETED,Rural Development Agency (DRDA),2025-26,2026-02-13,2026-02-07,26.9922,81.0331,
WRK001057,Varanasi,Uttar Pradesh,Varanasi,Narendra Modi,"Construction of additional classrooms in Government High School at Vikas Puri, Varanasi",EDUCATION,1744146.07,2025-06-19,2256252.23,COMPLETED,Municipal Corporation Engineering Cell,2025-26,2025-10-19,2025-10-19,26.8551,81.0011,COST_OVERRUN
WRK001058,Varanasi,Uttar Pradesh,Varanasi,Narendra Modi,"Upgradation of Primary Health Centre with maternal care equipment at Ram Nagar, Varanasi",HEALTH,1014139.46,2025-12-16,973601.43,COMPLETED,Zilla Parishad Engineering Division,2025-26,2026-08-10,2026-08-04,26.8518,80.7214,
WRK001059,Varanasi,Uttar Pradesh,Varanasi,Narendra Modi,"Construction of CC road and drainage channel from Main Market to Shivaji Nagar, Varanasi",ROADS,3015548.96,2025-06-15,2830961.93,COMPLETED,Irrigation & Public Health Division,2025-26,2025-11-09,2025-11-07,26.9103,80.8522,
WRK001060,Varanasi,Uttar Pradesh,Varanasi,Narendra Modi,"Construction of 50,000 litre overhead water storage tank at Model Town, Varanasi",DRINKING_WATER,3250766.2,2025-05-16,3127215.17,COMPLETED,Public Works Department (PWD),2025-26,2025-10-06,2026-01-14,26.8502,80.8059,DELAYED_PROJECT
WRK001061,Varanasi,Uttar Pradesh,Varanasi,Narendra Modi,"Construction of 50,000 litre overhead water storage tank in Model Town, Varanasi",DRINKING_WATER,3250766.2,2025-05-16,3127215.17,COMPLETED,Public Works Department (PWD),2025-26,2025-10-06,2026-01-14,26.8502,80.8059,DUPLICATE_WORK
WRK001062,Kolkata South,West Bengal,Kolkata,Mala Roy,"Construction of reinforced cement concrete culvert and approach road at Kisan Basti, Kolkata",ROADS,649831.58,2023-09-12,635730.12,COMPLETED,Municipal Corporation Engineering Cell,2023-24,2024-04-05,2024-03-27,22.4285,88.2934,
WRK001063,Kolkata South,West Bengal,Kolkata,Mala Roy,"Construction of 50,000 litre overhead water storage tank at Gandhi Chowk, Kolkata",DRINKING_WATER,1513217.64,2024-01-19,1475261.02,COMPLETED,Zilla Parishad Engineering Division,2023-24,2024-05-24,2024-05-18,22.4286,88.2664,
WRK001064,Kolkata South,West Bengal,Kolkata,Mala Roy,"Underground storm water drainage and sewage disposal network at Gandhi Chowk, Kolkata",SANITATION,3606078.57,2023-12-11,3556148.2,COMPLETED,Irrigation & Public Health Division,2023-24,2024-07-16,2024-07-11,22.616,88.3751,
WRK001065,Kolkata South,West Bengal,Kolkata,Mala Roy,"Construction of covered shed and crematorium facility with lighting at Ram Nagar, Kolkata",COMMUNITY_ASSETS,920593.78,2023-04-29,902838.93,COMPLETED,Public Works Department (PWD),2023-24,2023-12-22,2023-12-08,22.6348,88.2083,
WRK001066,Kolkata South,West Bengal,Kolkata,Mala Roy,"Installation of integrated solar LED street lighting units across Kisan Basti, Kolkata",POWER,3440961.09,2024-01-06,3277862.4,COMPLETED,Rural Development Agency (DRDA),2023-24,2024-09-01,2024-08-30,22.5744,88.5257,
WRK001067,Kolkata South,West Bengal,Kolkata,Mala Roy,"Setting up of computer lab and digital library in Higher Secondary School at Adarsh Nagar, Kolkata",EDUCATION,4363164.34,2023-06-08,4005104.62,COMPLETED,Municipal Corporation Engineering Cell,2023-24,2023-11-18,2023-11-05,22.665,88.3602,
WRK001068,Kolkata South,West Bengal,Kolkata,Mala Roy,"Construction of Community Health Sub-Centre building at Ram Nagar, Kolkata",HEALTH,1029395.53,2023-09-28,957344.64,COMPLETED,Zilla Parishad Engineering Division,2023-24,2023-12-27,2023-12-23,22.6631,88.417,
WRK001069,Kolkata South,West Bengal,Kolkata,Mala Roy,"Construction of reinforced cement concrete culvert and approach road at Kisan Basti, Kolkata",ROADS,3922072.98,2023-11-28,3916806.97,COMPLETED,Irrigation & Public Health Division,2023-24,2024-05-09,2024-09-07,22.5752,88.4793,DELAYED_PROJECT
WRK001070,Kolkata South,West Bengal,Kolkata,Mala Roy,"Construction of 50,000 litre overhead water storage tank at Vikas Puri, Kolkata",DRINKING_WATER,2986155.01,2023-04-23,2851389.95,COMPLETED,Public Works Department (PWD),2023-24,2023-08-20,2023-08-14,22.5846,88.247,
WRK001071,Kolkata South,West Bengal,Kolkata,Mala Roy,"Installation of decentralized solid waste segregation and processing unit at Ram Nagar, Kolkata",SANITATION,4266061.45,2023-11-14,4158144.62,COMPLETED,Rural Development Agency (DRDA),2023-24,2024-07-02,2024-06-21,22.4579,88.2762,
WRK001072,Kolkata South,West Bengal,Kolkata,Mala Roy,"Bituminous surface road connectivity linking village to Subhash Ward, Kolkata",ROADS,4709244.69,2024-10-07,4557584.69,COMPLETED,Municipal Corporation Engineering Cell,2024-25,2025-03-18,2025-03-07,22.6904,88.535,
WRK001073,Kolkata South,West Bengal,Kolkata,Mala Roy,"Construction of 50,000 litre overhead water storage tank at Vikas Puri, Kolkata",DRINKING_WATER,2058621.71,2024-12-19,1922967.69,COMPLETED,Zilla Parishad Engineering Division,2024-25,2025-07-13,2025-07-10,22.7731,88.5478,
WRK001074,Kolkata South,West Bengal,Kolkata,Mala Roy,"Construction of modern community sanitary complex with bio-toilets at Subhash Ward, Kolkata",SANITATION,1936576.38,2024-05-08,1923921.73,COMPLETED,Irrigation & Public Health Division,2024-25,2024-11-11,2024-11-11,22.5544,88.4655,
WRK001075,Kolkata South,West Bengal,Kolkata,Mala Roy,"Construction of multipurpose community welfare hall and auditorium at Station Road, Kolkata",COMMUNITY_ASSETS,4847477.68,2024-12-29,4640043.3,COMPLETED,Department,2024-25,2025-07-19,2025-07-19,22.4399,88.5642,COMPLIANCE_RISK
WRK001076,Kolkata South,West Bengal,Kolkata,Mala Roy,"Installation of integrated solar LED street lighting units across Kisan Basti, Kolkata",POWER,2030483.28,2024-08-29,1909330.22,COMPLETED,Rural Development Agency (DRDA),2024-25,2025-02-19,2025-02-19,22.7409,88.5437,
WRK001077,Kolkata South,West Bengal,Kolkata,Mala Roy,"Construction of drinking water facility and sanitation block in school at Sector 4, Kolkata",EDUCATION,1563341.25,2024-05-21,1534712.39,COMPLETED,Department,2024-25,2024-10-16,2024-10-16,22.6987,88.3736,COMPLIANCE_RISK
WRK001078,Kolkata South,West Bengal,Kolkata,Mala Roy,"Supply of mobile health dispensary unit and diagnostic lab at Ram Nagar, Kolkata",HEALTH,714940.68,2024-04-30,693166.47,COMPLETED,Zilla Parishad Engineering Division,2024-25,2024-11-01,2024-10-22,22.5723,88.2977,
WRK001079,Kolkata South,West Bengal,Kolkata,Mala Roy,"Construction of CC road and drainage channel from Main Market to Station Road, Kolkata",ROADS,3246600.53,2024-05-26,3036604.52,COMPLETED,Irrigation & Public Health Division,2024-25,2024-12-29,2024-12-22,22.7651,88.2572,
WRK001080,Kolkata South,West Bengal,Kolkata,Mala Roy,"Installation of community reverse osmosis water purification plant at Sector 4, Kolkata",DRINKING_WATER,4562250.24,2024-12-10,4525580.36,COMPLETED,Public Works Department (PWD),2024-25,2025-07-01,2025-06-24,22.7781,88.5951,
WRK001081,Kolkata South,West Bengal,Kolkata,Mala Roy,"Underground storm water drainage and sewage disposal network at Ram Nagar, Kolkata",SANITATION,5005728.31,2024-07-26,4698469.0,COMPLETED,Rural Development Agency (DRDA),2024-25,2025-01-29,2025-01-26,22.6288,88.4299,
WRK001082,Kolkata South,West Bengal,Kolkata,Mala Roy,"Construction of reinforced cement concrete culvert and approach road at Sector 4, Kolkata",ROADS,4256813.98,2025-12-26,4106426.25,COMPLETED,Municipal Corporation Engineering Cell,2025-26,2026-05-23,2026-05-12,22.6428,88.3409,
WRK001083,Kolkata South,West Bengal,Kolkata,Mala Roy,"Installation of community reverse osmosis water purification plant at Gandhi Chowk, Kolkata",DRINKING_WATER,1894662.27,2025-05-06,1760238.27,COMPLETED,Zilla Parishad Engineering Division,2025-26,2025-09-06,2025-08-26,22.4361,88.318,
WRK001084,Kolkata South,West Bengal,Kolkata,Mala Roy,"Installation of decentralized solid waste segregation and processing unit at Adarsh Nagar, Kolkata",SANITATION,2760874.34,2026-01-12,2703830.82,COMPLETED,Irrigation & Public Health Division,2025-26,2026-08-13,2026-08-12,22.787,88.3181,
WRK001085,Kolkata South,West Bengal,Kolkata,Mala Roy,"Construction of multipurpose community welfare hall and auditorium at Station Road, Kolkata",COMMUNITY_ASSETS,4377902.69,2025-08-09,4276460.62,COMPLETED,Public Works Department (PWD),2025-26,2026-03-29,2026-08-03,22.5463,88.5163,DELAYED_PROJECT
WRK001086,Kolkata South,West Bengal,Kolkata,Mala Roy,"Rooftop solar photovoltaic power system for primary healthcare facility at Adarsh Nagar, Kolkata",POWER,3541532.27,2025-06-10,3420526.31,COMPLETED,Rural Development Agency (DRDA),2025-26,2026-01-29,2026-01-28,22.5312,88.444,
WRK001087,Kolkata South,West Bengal,Kolkata,Mala Roy,"Construction of drinking water facility and sanitation block in school at Ram Nagar, Kolkata",EDUCATION,1025590.65,2025-11-11,970302.77,COMPLETED,Municipal Corporation Engineering Cell,2025-26,2026-06-15,2026-06-11,22.4464,88.2939,
WRK001088,Kolkata South,West Bengal,Kolkata,Mala Roy,"Supply of mobile health dispensary unit and diagnostic lab at Vikas Puri, Kolkata",HEALTH,3150325.04,2025-11-16,2953049.2,COMPLETED,Zilla Parishad Engineering Division,2025-26,2026-03-11,2026-03-07,22.7335,88.4463,
WRK001089,Kolkata South,West Bengal,Kolkata,Mala Roy,"Construction of CC road and drainage channel from Main Market to Kisan Basti, Kolkata",ROADS,4786066.46,2025-11-29,4531692.63,COMPLETED,Irrigation & Public Health Division,2025-26,2026-06-01,2026-05-23,22.6178,88.5911,
WRK001090,Kolkata South,West Bengal,Kolkata,Mala Roy,"Installation of piped drinking water supply scheme with solar pump at Kisan Basti, Kolkata",DRINKING_WATER,3488912.15,2025-06-01,3412010.41,COMPLETED,Public Works Department (PWD),2025-26,2025-09-04,2025-08-26,22.4202,88.3334,
WRK001091,Kolkata South,West Bengal,Kolkata,Mala Roy,"Construction of modern community sanitary complex with bio-toilets at Vikas Puri, Kolkata",SANITATION,3146872.52,2025-07-31,3127117.24,COMPLETED,Rural Development Agency (DRDA),2025-26,2025-12-05,2025-11-24,22.7155,88.4384,
WRK001092,Ranchi,Jharkhand,Ranchi,Sanjay Seth,"Installation of piped drinking water supply scheme with solar pump at Gandhi Chowk, Ranchi",DRINKING_WATER,1096761.56,2023-04-29,1082597.87,COMPLETED,Zilla Parishad Engineering Division,2023-24,2023-12-25,2024-03-10,23.5295,85.1697,DELAYED_PROJECT
WRK001093,Ranchi,Jharkhand,Ranchi,Sanjay Seth,"Underground storm water drainage and sewage disposal network at Vikas Puri, Ranchi",SANITATION,2536318.13,2023-06-10,2536138.91,COMPLETED,Department,2023-24,2024-01-19,2024-01-19,23.5207,85.3573,COMPLIANCE_RISK
WRK001094,Ranchi,Jharkhand,Ranchi,Sanjay Seth,"Construction of multipurpose community welfare hall and auditorium at Kisan Basti, Ranchi",COMMUNITY_ASSETS,831608.57,2023-11-29,808300.43,COMPLETED,Public Works Department (PWD),2023-24,2024-03-14,2024-03-11,23.4505,85.3497,
WRK001095,Ranchi,Jharkhand,Ranchi,Sanjay Seth,"Rooftop solar photovoltaic power system for primary healthcare facility at Vikas Puri, Ranchi",POWER,2547812.6,2023-09-13,2478173.73,COMPLETED,Rural Development Agency (DRDA),2023-24,2024-01-10,2024-01-01,23.7411,85.3604,
WRK001096,Ranchi,Jharkhand,Ranchi,Sanjay Seth,"Setting up of computer lab and digital library in Higher Secondary School at Kisan Basti, Ranchi",EDUCATION,2370452.09,2023-08-10,2349799.29,COMPLETED,Municipal Corporation Engineering Cell,2023-24,2023-12-02,2023-12-02,23.525,85.225,
WRK001097,Ranchi,Jharkhand,Ranchi,Sanjay Seth,"Upgradation of Primary Health Centre with maternal care equipment at Gandhi Chowk, Ranchi",HEALTH,920592.09,2023-05-29,866619.32,COMPLETED,Zilla Parishad Engineering Division,2023-24,2023-09-29,2023-09-17,23.6225,85.3346,
WRK001098,Ranchi,Jharkhand,Ranchi,Sanjay Seth,"Bituminous surface road connectivity linking village to Adarsh Nagar, Ranchi",ROADS,4413653.42,2023-11-18,4270381.39,COMPLETED,Irrigation & Public Health Division,2023-24,2024-05-05,2024-04-27,23.5407,85.3312,
WRK001099,Ranchi,Jharkhand,Ranchi,Sanjay Seth,"Installation of piped drinking water supply scheme with solar pump at Adarsh Nagar, Ranchi",DRINKING_WATER,2161674.34,2024-01-25,2084039.67,COMPLETED,Public Works Department (PWD),2023-24,2024-08-11,2024-07-27,23.7381,85.4898,
WRK001100,Ranchi,Jharkhand,Ranchi,Sanjay Seth,"Installation of decentralized solid waste segregation and processing unit at Ram Nagar, Ranchi",SANITATION,1318928.64,2023-04-30,1276178.96,COMPLETED,Rural Development Agency (DRDA),2023-24,2023-10-23,2023-10-10,23.5404,85.1726,
WRK001101,Ranchi,Jharkhand,Ranchi,Sanjay Seth,"Construction of multipurpose community welfare hall and auditorium at Sector 4, Ranchi",COMMUNITY_ASSETS,3859732.95,2023-06-01,3822342.15,COMPLETED,Municipal Corporation Engineering Cell,2023-24,2023-11-25,2023-11-12,23.463,85.2247,
WRK001102,Ranchi,Jharkhand,Ranchi,Sanjay Seth,"Installation of piped drinking water supply scheme with solar pump at Station Road, Ranchi",DRINKING_WATER,3535653.41,2024-05-11,3380041.19,COMPLETED,Zilla Parishad Engineering Division,2024-25,2024-12-11,2024-12-07,23.6428,85.2657,
WRK001103,Ranchi,Jharkhand,Ranchi,Sanjay Seth,"Underground storm water drainage and sewage disposal network at Gandhi Chowk, Ranchi",SANITATION,3557952.48,2024-09-08,3257714.54,COMPLETED,Irrigation & Public Health Division,2024-25,2025-02-23,2025-02-17,23.4182,85.2581,
WRK001104,Ranchi,Jharkhand,Ranchi,Sanjay Seth,"Construction of multipurpose community welfare hall and auditorium at Station Road, Ranchi",COMMUNITY_ASSETS,1803800.31,2024-08-24,1722667.15,COMPLETED,Public Works Department (PWD),2024-25,2025-03-12,2025-03-08,23.4703,85.2521,
WRK001105,Ranchi,Jharkhand,Ranchi,Sanjay Seth,"Installation of integrated solar LED street lighting units across Subhash Ward, Ranchi",POWER,2467639.37,2024-05-07,2340347.47,COMPLETED,Rural Development Agency (DRDA),2024-25,2024-10-24,2024-10-12,23.6303,85.3294,
WRK001106,Ranchi,Jharkhand,Ranchi,Sanjay Seth,"Setting up of computer lab and digital library in Higher Secondary School at Sector 4, Ranchi",EDUCATION,1282910.2,2024-09-29,1234300.35,COMPLETED,Municipal Corporation Engineering Cell,2024-25,2025-03-30,2025-03-17,23.4353,85.4378,
WRK001107,Ranchi,Jharkhand,Ranchi,Sanjay Seth,"Construction of Community Health Sub-Centre building at Ram Nagar, Ranchi",HEALTH,1504886.83,2024-10-06,1419240.68,COMPLETED,Zilla Parishad Engineering Division,2024-25,2025-02-02,2025-01-22,23.6122,85.1776,
WRK001108,Ranchi,Jharkhand,Ranchi,Sanjay Seth,"Construction of CC road and drainage channel from Main Market to Gandhi Chowk, Ranchi",ROADS,1653674.62,2024-06-29,1612920.91,COMPLETED,Irrigation & Public Health Division,2024-25,2024-10-16,2024-10-15,23.4709,85.4091,
WRK001109,Ranchi,Jharkhand,Ranchi,Sanjay Seth,"Installation of community reverse osmosis water purification plant at Model Town, Ranchi",DRINKING_WATER,4395419.92,2024-09-28,4229772.28,COMPLETED,Public Works Department (PWD),2024-25,2025-01-13,2025-01-09,23.5876,85.3526,
WRK001110,Ranchi,Jharkhand,Ranchi,Sanjay Seth,"Installation of decentralized solid waste segregation and processing unit at Gandhi Chowk, Ranchi",SANITATION,2578313.83,2024-09-21,2486011.93,COMPLETED,Rural Development Agency (DRDA),2024-25,2025-03-03,2025-02-28,23.4307,85.4457,
WRK001111,Ranchi,Jharkhand,Ranchi,Sanjay Seth,"Construction of Gram Panchayat Bhavan cum civic service centre at Model Town, Ranchi",COMMUNITY_ASSETS,4801456.27,2025-01-24,4451280.72,COMPLETED,Municipal Corporation Engineering Cell,2024-25,2025-09-17,2025-09-03,23.6607,85.2286,
WRK001112,Ranchi,Jharkhand,Ranchi,Sanjay Seth,"Construction of 50,000 litre overhead water storage tank at Gandhi Chowk, Ranchi",DRINKING_WATER,3408060.09,2025-12-30,3368645.68,COMPLETED,Zilla Parishad Engineering Division,2025-26,2026-07-20,2026-07-17,23.6096,85.3439,
WRK001113,Ranchi,Jharkhand,Ranchi,Sanjay Seth,"Underground storm water drainage and sewage disposal network at Adarsh Nagar, Ranchi",SANITATION,4058028.93,2025-05-12,3989550.91,COMPLETED,Irrigation & Public Health Division,2025-26,2025-09-03,2025-08-23,23.6232,85.2546,
WRK001114,Ranchi,Jharkhand,Ranchi,Sanjay Seth,"Construction of Gram Panchayat Bhavan cum civic service centre at Gandhi Chowk, Ranchi",COMMUNITY_ASSETS,4628530.69,2025-06-27,4526453.55,COMPLETED,Public Works Department (PWD),2025-26,2026-01-03,2026-05-27,23.4516,85.3835,DELAYED_PROJECT
WRK001115,Ranchi,Jharkhand,Ranchi,Sanjay Seth,"Rooftop solar photovoltaic power system for primary healthcare facility at Vikas Puri, Ranchi",POWER,3411403.35,2025-06-02,3330527.49,COMPLETED,Rural Development Agency (DRDA),2025-26,2025-12-01,2025-11-22,23.5235,85.4805,
WRK001116,Ranchi,Jharkhand,Ranchi,Sanjay Seth,"Construction of additional classrooms in Government High School at Station Road, Ranchi",EDUCATION,855701.98,2025-07-04,963699.96,IN_PROGRESS,Municipal Corporation Engineering Cell,2025-26,2026-02-17,,23.734,85.4535,PAYMENT_RISK
WRK001117,Ranchi,Jharkhand,Ranchi,Sanjay Seth,"Upgradation of Primary Health Centre with maternal care equipment at Station Road, Ranchi",HEALTH,3745856.37,2025-07-09,3662338.86,COMPLETED,Zilla Parishad Engineering Division,2025-26,2025-12-06,2025-11-28,23.7878,85.3442,
WRK001118,Ranchi,Jharkhand,Ranchi,Sanjay Seth,"Construction of reinforced cement concrete culvert and approach road at Shivaji Nagar, Ranchi",ROADS,4853050.25,2025-09-21,4619785.47,COMPLETED,Irrigation & Public Health Division,2025-26,2026-02-07,2026-02-01,23.5471,85.4789,
WRK001119,Ranchi,Jharkhand,Ranchi,Sanjay Seth,"Construction of 50,000 litre overhead water storage tank at Vikas Puri, Ranchi",DRINKING_WATER,2385678.13,2026-01-11,2253742.9,COMPLETED,Public Works Department (PWD),2025-26,2026-05-16,2026-05-04,23.7492,85.1209,
WRK001120,Ranchi,Jharkhand,Ranchi,Sanjay Seth,"Installation of decentralized solid waste segregation and processing unit at Vikas Puri, Ranchi",SANITATION,1790437.93,2025-06-18,1670054.33,COMPLETED,Rural Development Agency (DRDA),2025-26,2026-01-25,2026-01-24,23.4589,85.275,
WRK001121,Ranchi,Jharkhand,Ranchi,Sanjay Seth,"Construction of Gram Panchayat Bhavan cum civic service centre at Sector 4, Ranchi",COMMUNITY_ASSETS,744725.59,2025-11-14,731420.4,COMPLETED,Municipal Corporation Engineering Cell,2025-26,2026-03-04,2026-02-27,23.55,85.1113,
WRK001122,Ludhiana,Punjab,Ludhiana,Amrinder Singh Raja Warring,"Construction of modern community sanitary complex with bio-toilets at Sector 4, Ludhiana",SANITATION,4633060.43,2023-09-09,5604895.12,IN_PROGRESS,Irrigation & Public Health Division,2023-24,2024-04-06,,30.8794,75.6021,PAYMENT_RISK
WRK001123,Ludhiana,Punjab,Ludhiana,Amrinder Singh Raja Warring,"Construction of covered shed and crematorium facility with lighting at Subhash Ward, Ludhiana",COMMUNITY_ASSETS,3995229.37,2023-06-11,3691067.09,COMPLETED,Public Works Department (PWD),2023-24,2023-11-09,2023-11-09,30.8679,75.9176,
WRK001124,Ludhiana,Punjab,Ludhiana,Amrinder Singh Raja Warring,"Rooftop solar photovoltaic power system for primary healthcare facility at Vikas Puri, Ludhiana",POWER,3349590.35,2023-04-24,3176501.63,COMPLETED,Rural Development Agency (DRDA),2023-24,2023-10-05,2023-09-22,30.8717,75.8459,
WRK001125,Ludhiana,Punjab,Ludhiana,Amrinder Singh Raja Warring,"Construction of drinking water facility and sanitation block in school at Adarsh Nagar, Ludhiana",EDUCATION,4795803.2,2023-05-20,4632044.09,COMPLETED,Municipal Corporation Engineering Cell,2023-24,2023-12-25,2023-12-21,30.9217,75.7562,
WRK001126,Ludhiana,Punjab,Ludhiana,Amrinder Singh Raja Warring,"Construction of Community Health Sub-Centre building at Sector 4, Ludhiana",HEALTH,4051854.0,2023-10-15,3721817.75,COMPLETED,Zilla Parishad Engineering Division,2023-24,2024-02-08,2024-02-03,31.0086,75.8941,
WRK001127,Ludhiana,Punjab,Ludhiana,Amrinder Singh Raja Warring,"Construction of reinforced cement concrete culvert and approach road at Station Road, Ludhiana",ROADS,4918523.5,2023-12-09,4615913.34,COMPLETED,Irrigation & Public Health Division,2023-24,2024-04-11,2024-03-28,30.7252,75.9105,
WRK001128,Ludhiana,Punjab,Ludhiana,Amrinder Singh Raja Warring,"Installation of piped drinking water supply scheme with solar pump at Sector 4, Ludhiana",DRINKING_WATER,4705372.18,2023-09-24,4413116.2,COMPLETED,Public Works Department (PWD),2023-24,2024-05-10,2024-04-26,30.8894,75.6146,
WRK001129,Ludhiana,Punjab,Ludhiana,Amrinder Singh Raja Warring,"Installation of decentralized solid waste segregation and processing unit at Adarsh Nagar, Ludhiana",SANITATION,1063881.45,2023-09-02,1015683.64,COMPLETED,Rural Development Agency (DRDA),2023-24,2024-03-22,2024-03-22,31.0579,75.7547,
WRK001130,Ludhiana,Punjab,Ludhiana,Amrinder Singh Raja Warring,"Construction of Gram Panchayat Bhavan cum civic service centre at Vikas Puri, Ludhiana",COMMUNITY_ASSETS,4112463.85,2023-08-30,5472811.33,COMPLETED,Municipal Corporation Engineering Cell,2023-24,2024-01-13,2024-01-13,30.9182,75.7285,COST_OVERRUN
WRK001131,Ludhiana,Punjab,Ludhiana,Amrinder Singh Raja Warring,"Rooftop solar photovoltaic power system for primary healthcare facility at Kisan Basti, Ludhiana",POWER,2519379.12,2023-10-12,2320356.47,COMPLETED,Zilla Parishad Engineering Division,2023-24,2024-04-30,2024-04-27,30.8098,75.992,
WRK001132,Ludhiana,Punjab,Ludhiana,Amrinder Singh Raja Warring,"Installation of decentralized solid waste segregation and processing unit at Station Road, Ludhiana",SANITATION,1148622.76,2024-05-01,1084267.78,COMPLETED,Irrigation & Public Health Division,2024-25,2024-08-07,2024-07-24,30.7505,75.6944,
WRK001133,Ludhiana,Punjab,Ludhiana,Amrinder Singh Raja Warring,"Construction of covered shed and crematorium facility with lighting at Station Road, Ludhiana",COMMUNITY_ASSETS,4773489.2,2024-12-02,4474168.43,COMPLETED,Public Works Department (PWD),2024-25,2025-07-26,2025-07-14,30.7551,75.7468,
WRK001134,Ludhiana,Punjab,Ludhiana,Amrinder Singh Raja Warring,"Installation of integrated solar LED street lighting units across Station Road, Ludhiana",POWER,2838997.01,2024-12-27,2755298.98,COMPLETED,Rural Development Agency (DRDA),2024-25,2025-06-01,2025-06-01,30.9816,75.6858,
WRK001135,Ludhiana,Punjab,Ludhiana,Amrinder Singh Raja Warring,"Construction of additional classrooms in Government High School at Gandhi Chowk, Ludhiana",EDUCATION,4342293.98,2024-06-24,4315918.77,COMPLETED,Municipal Corporation Engineering Cell,2024-25,2025-01-13,2025-01-09,31.0989,75.9242,
WRK001136,Ludhiana,Punjab,Ludhiana,Amrinder Singh Raja Warring,"Supply of mobile health dispensary unit and diagnostic lab at Gandhi Chowk, Ludhiana",HEALTH,2948695.27,2025-01-22,4090170.35,COMPLETED,Zilla Parishad Engineering Division,2024-25,2025-06-05,2025-06-05,31.0175,75.8035,COST_OVERRUN
WRK001137,Ludhiana,Punjab,Ludhiana,Amrinder Singh Raja Warring,"Supply of mobile health dispensary unit and diagnostic lab in Gandhi Chowk, Ludhiana",HEALTH,2948695.27,2025-01-22,4090170.35,COMPLETED,Zilla Parishad Engineering Division,2024-25,2025-06-05,2025-06-05,31.0175,75.8035,DUPLICATE_WORK
WRK001138,Ludhiana,Punjab,Ludhiana,Amrinder Singh Raja Warring,"Construction of reinforced cement concrete culvert and approach road at Model Town, Ludhiana",ROADS,2613157.25,2024-10-21,2491105.06,COMPLETED,Irrigation & Public Health Division,2024-25,2025-02-10,2025-02-08,30.7263,75.7593,
WRK001139,Ludhiana,Punjab,Ludhiana,Amrinder Singh Raja Warring,"Construction of 50,000 litre overhead water storage tank at Model Town, Ludhiana",DRINKING_WATER,1067208.85,2024-05-23,1043112.38,COMPLETED,Public Works Department (PWD),2024-25,2024-12-18,2024-12-08,30.972,75.7378,
WRK001140,Ludhiana,Punjab,Ludhiana,Amrinder Singh Raja Warring,"Construction of modern community sanitary complex with bio-toilets at Subhash Ward, Ludhiana",SANITATION,4598853.88,2024-12-29,4290903.69,COMPLETED,Rural Development Agency (DRDA),2024-25,2025-05-07,2025-05-01,30.8216,75.6648,
WRK001141,Ludhiana,Punjab,Ludhiana,Amrinder Singh Raja Warring,"Construction of multipurpose community welfare hall and auditorium at Ram Nagar, Ludhiana",COMMUNITY_ASSETS,3363309.81,2024-07-25,3236663.29,COMPLETED,Municipal Corporation Engineering Cell,2024-25,2025-01-08,2024-12-28,30.9458,75.6374,
WRK001142,Ludhiana,Punjab,Ludhiana,Amrinder Singh Raja Warring,"Installation of integrated solar LED street lighting units across Model Town, Ludhiana",POWER,4297065.1,2024-10-05,4022794.06,COMPLETED,Zilla Parishad Engineering Division,2024-25,2025-01-10,2025-01-01,30.7325,75.9794,
WRK001143,Ludhiana,Punjab,Ludhiana,Amrinder Singh Raja Warring,"Underground storm water drainage and sewage disposal network at Model Town, Ludhiana",SANITATION,2747479.86,2025-05-01,2579319.56,COMPLETED,Irrigation & Public Health Division,2025-26,2025-10-15,2025-10-02,30.8932,75.9219,
WRK001144,Ludhiana,Punjab,Ludhiana,Amrinder Singh Raja Warring,"Construction of covered shed and crematorium facility with lighting at Sector 4, Ludhiana",COMMUNITY_ASSETS,2483118.56,2025-07-05,2443046.46,COMPLETED,Public Works Department (PWD),2025-26,2025-11-08,2025-11-05,30.825,75.8873,
WRK001145,Ludhiana,Punjab,Ludhiana,Amrinder Singh Raja Warring,"Installation of integrated solar LED street lighting units across Adarsh Nagar, Ludhiana",POWER,3030689.86,2026-01-04,3022413.79,COMPLETED,Department,2025-26,2026-06-11,2026-06-11,30.8798,75.6564,COMPLIANCE_RISK
WRK001146,Ludhiana,Punjab,Ludhiana,Amrinder Singh Raja Warring,"Construction of additional classrooms in Government High School at Adarsh Nagar, Ludhiana",EDUCATION,1355931.79,2025-09-23,1352218.76,COMPLETED,Municipal Corporation Engineering Cell,2025-26,2026-04-20,2026-08-19,30.8995,75.7234,DELAYED_PROJECT
WRK001147,Ludhiana,Punjab,Ludhiana,Amrinder Singh Raja Warring,"Construction of Community Health Sub-Centre building at Sector 4, Ludhiana",HEALTH,1772119.2,2025-05-11,2232397.55,COMPLETED,Zilla Parishad Engineering Division,2025-26,2025-12-07,2025-12-07,30.8143,75.6033,COST_OVERRUN
WRK001148,Ludhiana,Punjab,Ludhiana,Amrinder Singh Raja Warring,"Construction of CC road and drainage channel from Main Market to Subhash Ward, Ludhiana",ROADS,3068294.85,2025-05-12,3010073.67,COMPLETED,Irrigation & Public Health Division,2025-26,2025-08-28,2025-08-16,30.8545,75.7801,
WRK001149,Ludhiana,Punjab,Ludhiana,Amrinder Singh Raja Warring,"Installation of piped drinking water supply scheme with solar pump at Gandhi Chowk, Ludhiana",DRINKING_WATER,2189261.28,2025-11-03,2090758.17,COMPLETED,Public Works Department (PWD),2025-26,2026-05-05,2026-04-21,31.002,75.6796,
WRK001150,Ludhiana,Punjab,Ludhiana,Amrinder Singh Raja Warring,"Construction of modern community sanitary complex with bio-toilets at Station Road, Ludhiana",SANITATION,4123087.37,2025-10-03,3902239.83,COMPLETED,Rural Development Agency (DRDA),2025-26,2026-05-12,2026-05-06,30.7559,75.9725,
WRK001151,Ludhiana,Punjab,Ludhiana,Amrinder Singh Raja Warring,"Construction of covered shed and crematorium facility with lighting at Adarsh Nagar, Ludhiana",COMMUNITY_ASSETS,4232672.58,2025-12-31,3910009.04,COMPLETED,Municipal Corporation Engineering Cell,2025-26,2026-06-15,2026-06-13,30.89,75.6067,
WRK001152,Ludhiana,Punjab,Ludhiana,Amrinder Singh Raja Warring,"Rooftop solar photovoltaic power system for primary healthcare facility at Ram Nagar, Ludhiana",POWER,3188822.41,2025-04-29,2961271.12,COMPLETED,Zilla Parishad Engineering Division,2025-26,2025-12-23,2025-12-20,30.9311,75.8886,
WRK001153,Mumbai South,Maharashtra,Mumbai City,Arvind Sawant,"Construction of covered shed and crematorium facility with lighting at Shivaji Nagar, Mumbai City",COMMUNITY_ASSETS,3083600.87,2023-05-02,2922730.01,COMPLETED,Public Works Department (PWD),2023-24,2023-11-20,2023-11-20,18.4255,73.6606,
WRK001154,Mumbai South,Maharashtra,Mumbai City,Arvind Sawant,"Rooftop solar photovoltaic power system for primary healthcare facility at Sector 4, Mumbai City",POWER,2839727.67,2023-06-25,2805565.56,COMPLETED,Rural Development Agency (DRDA),2023-24,2024-01-23,2024-01-18,18.5102,73.7255,
WRK001155,Mumbai South,Maharashtra,Mumbai City,Arvind Sawant,"Construction of drinking water facility and sanitation block in school at Adarsh Nagar, Mumbai City",EDUCATION,3247348.08,2023-08-29,3171665.2,COMPLETED,Municipal Corporation Engineering Cell,2023-24,2024-04-17,2024-04-08,18.4194,73.9766,
WRK001156,Mumbai South,Maharashtra,Mumbai City,Arvind Sawant,"Supply of mobile health dispensary unit and diagnostic lab at Kisan Basti, Mumbai City",HEALTH,2664764.6,2023-09-25,2629218.87,COMPLETED,Zilla Parishad Engineering Division,2023-24,2024-03-03,2024-02-29,18.4151,73.8294,
WRK001157,Mumbai South,Maharashtra,Mumbai City,Arvind Sawant,"Bituminous surface road connectivity linking village to Station Road, Mumbai City",ROADS,698855.92,2023-09-11,685742.68,COMPLETED,Irrigation & Public Health Division,2023-24,2024-04-01,2024-03-25,18.5624,73.8989,
WRK001158,Mumbai South,Maharashtra,Mumbai City,Arvind Sawant,"Installation of community reverse osmosis water purification plant at Ram Nagar, Mumbai City",DRINKING_WATER,998953.94,2023-06-25,918237.75,COMPLETED,Public Works Department (PWD),2023-24,2023-10-05,2023-10-03,18.5679,73.8124,
WRK001159,Mumbai South,Maharashtra,Mumbai City,Arvind Sawant,"Underground storm water drainage and sewage disposal network at Kisan Basti, Mumbai City",SANITATION,3566825.69,2023-06-06,3399883.56,COMPLETED,Rural Development Agency (DRDA),2023-24,2023-10-14,2023-10-05,18.4628,73.974,
WRK001160,Mumbai South,Maharashtra,Mumbai City,Arvind Sawant,"Construction of Gram Panchayat Bhavan cum civic service centre at Adarsh Nagar, Mumbai City",COMMUNITY_ASSETS,3415628.39,2023-09-09,3135491.73,COMPLETED,Municipal Corporation Engineering Cell,2023-24,2024-05-02,2024-04-22,18.3929,73.8955,
WRK001161,Mumbai South,Maharashtra,Mumbai City,Arvind Sawant,"Supply and erection of 100 kVA distribution transformer for power stabilization at Station Road, Mumbai City",POWER,4991303.45,2023-05-04,4609888.28,COMPLETED,Zilla Parishad Engineering Division,2023-24,2023-10-15,2023-10-10,18.6507,73.6037,
WRK001162,Mumbai South,Maharashtra,Mumbai City,Arvind Sawant,"Setting up of computer lab and digital library in Higher Secondary School at Kisan Basti, Mumbai City",EDUCATION,2868336.33,2024-01-19,2661814.8,COMPLETED,Irrigation & Public Health Division,2023-24,2024-08-25,2024-08-24,18.4872,73.6771,
WRK001163,Mumbai South,Maharashtra,Mumbai City,Arvind Sawant,"Construction of covered shed and crematorium facility with lighting at Station Road, Mumbai City",COMMUNITY_ASSETS,3822708.91,2024-04-23,3750685.96,COMPLETED,Public Works Department (PWD),2024-25,2024-09-09,2024-09-04,18.3702,73.9425,
WRK001164,Mumbai South,Maharashtra,Mumbai City,Arvind Sawant,"Installation of integrated solar LED street lighting units across Subhash Ward, Mumbai City",POWER,1333007.64,2024-06-03,1248174.43,COMPLETED,Rural Development Agency (DRDA),2024-25,2024-11-03,2024-10-29,18.3027,73.7534,
WRK001165,Mumbai South,Maharashtra,Mumbai City,Arvind Sawant,"Setting up of computer lab and digital library in Higher Secondary School at Model Town, Mumbai City",EDUCATION,1680648.62,2024-04-21,1661906.84,COMPLETED,Municipal Corporation Engineering Cell,2024-25,2024-08-19,2024-08-13,18.4862,73.6639,
WRK001166,Mumbai South,Maharashtra,Mumbai City,Arvind Sawant,"Supply of mobile health dispensary unit and diagnostic lab at Gandhi Chowk, Mumbai City",HEALTH,2156234.7,2024-09-14,2044687.61,COMPLETED,Zilla Parishad Engineering Division,2024-25,2025-04-14,2025-04-14,18.3613,73.8991,
WRK001167,Mumbai South,Maharashtra,Mumbai City,Arvind Sawant,"Construction of reinforced cement concrete culvert and approach road at Shivaji Nagar, Mumbai City",ROADS,3567537.39,2024-08-20,4688795.75,COMPLETED,Irrigation & Public Health Division,2024-25,2025-04-01,2025-04-01,18.4787,73.8815,COST_OVERRUN
WRK001168,Mumbai South,Maharashtra,Mumbai City,Arvind Sawant,"Installation of community reverse osmosis water purification plant at Vikas Puri, Mumbai City",DRINKING_WATER,1248976.2,2024-07-01,1187325.01,COMPLETED,Public Works Department (PWD),2024-25,2024-11-20,2024-11-06,18.5868,73.7955,
WRK001169,Mumbai South,Maharashtra,Mumbai City,Arvind Sawant,"Underground storm water drainage and sewage disposal network at Station Road, Mumbai City",SANITATION,2375093.3,2025-01-03,2314918.79,COMPLETED,Rural Development Agency (DRDA),2024-25,2025-06-20,2025-06-07,18.5893,73.7584,
WRK001170,Mumbai South,Maharashtra,Mumbai City,Arvind Sawant,"Construction of multipurpose community welfare hall and auditorium at Subhash Ward, Mumbai City",COMMUNITY_ASSETS,3657188.99,2024-10-09,3398985.98,COMPLETED,Municipal Corporation Engineering Cell,2024-25,2025-01-24,2025-01-13,18.6945,73.7888,
WRK001171,Mumbai South,Maharashtra,Mumbai City,Arvind Sawant,"Rooftop solar photovoltaic power system for primary healthcare facility at Subhash Ward, Mumbai City",POWER,4971741.73,2024-10-24,4763644.61,COMPLETED,Zilla Parishad Engineering Division,2024-25,2025-04-28,2025-04-24,18.4503,73.8731,
WRK001172,Mumbai South,Maharashtra,Mumbai City,Arvind Sawant,"Construction of additional classrooms in Government High School at Station Road, Mumbai City",EDUCATION,2270125.43,2025-01-16,2207759.45,COMPLETED,Irrigation & Public Health Division,2024-25,2025-04-16,2025-04-14,18.6025,73.9914,
WRK001173,Mumbai South,Maharashtra,Mumbai City,Arvind Sawant,"Construction of multipurpose community welfare hall and auditorium at Shivaji Nagar, Mumbai City",COMMUNITY_ASSETS,2060548.4,2025-12-07,2039734.87,COMPLETED,Public Works Department (PWD),2025-26,2026-04-04,2026-03-20,18.3129,73.8641,
WRK001174,Mumbai South,Maharashtra,Mumbai City,Arvind Sawant,"Installation of integrated solar LED street lighting units across Shivaji Nagar, Mumbai City",POWER,954468.18,2025-05-20,914553.07,COMPLETED,Rural Development Agency (DRDA),2025-26,2025-08-30,2025-08-16,18.3979,73.6177,
WRK001175,Mumbai South,Maharashtra,Mumbai City,Arvind Sawant,"Construction of additional classrooms in Government High School at Vikas Puri, Mumbai City",EDUCATION,1562898.82,2025-09-11,1467782.6,COMPLETED,Municipal Corporation Engineering Cell,2025-26,2026-05-06,2026-04-25,18.5392,73.869,
WRK001176,Mumbai South,Maharashtra,Mumbai City,Arvind Sawant,"Supply of mobile health dispensary unit and diagnostic lab at Vikas Puri, Mumbai City",HEALTH,2363845.24,2025-08-07,2346785.89,COMPLETED,Zilla Parishad Engineering Division,2025-26,2025-12-19,2025-12-16,18.5504,73.7709,
WRK001177,Mumbai South,Maharashtra,Mumbai City,Arvind Sawant,"Construction of reinforced cement concrete culvert and approach road at Adarsh Nagar, Mumbai City",ROADS,2340235.08,2025-11-15,2273786.78,COMPLETED,Irrigation & Public Health Division,2025-26,2026-06-30,2026-06-29,18.4894,73.9397,
WRK001178,Mumbai South,Maharashtra,Mumbai City,Arvind Sawant,"Installation of piped drinking water supply scheme with solar pump at Vikas Puri, Mumbai City",DRINKING_WATER,4860654.57,2025-11-13,6370814.55,COMPLETED,Public Works Department (PWD),2025-26,2026-04-14,2026-04-14,18.402,73.7321,COST_OVERRUN
WRK001179,Mumbai South,Maharashtra,Mumbai City,Arvind Sawant,"Construction of modern community sanitary complex with bio-toilets at Ram Nagar, Mumbai City",SANITATION,3537592.84,2025-10-26,3298314.74,COMPLETED,Rural Development Agency (DRDA),2025-26,2026-03-13,2026-03-04,18.6219,73.835,
WRK001180,Mumbai South,Maharashtra,Mumbai City,Arvind Sawant,"Construction of Gram Panchayat Bhavan cum civic service centre at Ram Nagar, Mumbai City",COMMUNITY_ASSETS,1455116.76,2025-04-23,1377603.51,COMPLETED,Municipal Corporation Engineering Cell,2025-26,2025-11-21,2025-11-13,18.6658,73.8783,
WRK001181,Mumbai South,Maharashtra,Mumbai City,Arvind Sawant,"Rooftop solar photovoltaic power system for primary healthcare facility at Adarsh Nagar, Mumbai City",POWER,2218360.81,2025-09-07,2172275.1,COMPLETED,Zilla Parishad Engineering Division,2025-26,2026-02-10,2026-02-10,18.4439,73.9531,
WRK001182,Mumbai South,Maharashtra,Mumbai City,Arvind Sawant,"Setting up of computer lab and digital library in Higher Secondary School at Shivaji Nagar, Mumbai City",EDUCATION,1908702.48,2025-10-22,1856405.85,COMPLETED,Irrigation & Public Health Division,2025-26,2026-02-26,2026-02-20,18.3065,73.8213,
WRK001183,Jaipur,Rajasthan,Jaipur,Manju Sharma,"Supply and erection of 100 kVA distribution transformer for power stabilization at Shivaji Nagar, Jaipur",POWER,3066585.84,2023-10-27,2963350.93,COMPLETED,Rural Development Agency (DRDA),2023-24,2024-04-20,2024-04-20,26.8029,75.9286,
WRK001184,Jaipur,Rajasthan,Jaipur,Manju Sharma,"Setting up of computer lab and digital library in Higher Secondary School at Station Road, Jaipur",EDUCATION,1268926.57,2023-10-13,1246245.12,COMPLETED,Municipal Corporation Engineering Cell,2023-24,2024-05-28,2024-05-15,27.0961,75.9829,
WRK001185,Jaipur,Rajasthan,Jaipur,Manju Sharma,"Supply of mobile health dispensary unit and diagnostic lab at Sector 4, Jaipur",HEALTH,2364205.58,2023-04-19,2280103.27,COMPLETED,Zilla Parishad Engineering Division,2023-24,2023-08-25,2023-08-25,26.7037,75.8023,
WRK001186,Jaipur,Rajasthan,Jaipur,Manju Sharma,"Construction of reinforced cement concrete culvert and approach road at Kisan Basti, Jaipur",ROADS,535316.34,2023-04-24,511322.01,COMPLETED,Irrigation & Public Health Division,2023-24,2023-12-05,2023-12-03,26.9889,75.8143,
WRK001187,Jaipur,Rajasthan,Jaipur,Manju Sharma,"Installation of piped drinking water supply scheme with solar pump at Gandhi Chowk, Jaipur",DRINKING_WATER,2862220.28,2023-06-04,2704352.02,COMPLETED,Public Works Department (PWD),2023-24,2023-11-05,2023-11-02,27.0261,75.7069,
WRK001188,Jaipur,Rajasthan,Jaipur,Manju Sharma,"Underground storm water drainage and sewage disposal network at Model Town, Jaipur",SANITATION,4958385.08,2023-08-18,4574011.27,COMPLETED,Rural Development Agency (DRDA),2023-24,2023-12-06,2023-12-03,26.9615,75.9433,
WRK001189,Jaipur,Rajasthan,Jaipur,Manju Sharma,"Construction of Gram Panchayat Bhavan cum civic service centre at Vikas Puri, Jaipur",COMMUNITY_ASSETS,752710.95,2023-12-15,747582.23,COMPLETED,Municipal Corporation Engineering Cell,2023-24,2024-07-19,2024-07-07,27.0381,75.858,
WRK001190,Jaipur,Rajasthan,Jaipur,Manju Sharma,"Rooftop solar photovoltaic power system for primary healthcare facility at Sector 4, Jaipur",POWER,1460071.13,2023-08-11,1368714.25,COMPLETED,Zilla Parishad Engineering Division,2023-24,2024-03-09,2024-02-24,26.8084,75.9697,
WRK001191,Jaipur,Rajasthan,Jaipur,Manju Sharma,"Construction of additional classrooms in Government High School at Adarsh Nagar, Jaipur",EDUCATION,4832523.17,2023-04-24,4640844.39,COMPLETED,Irrigation & Public Health Division,2023-24,2023-11-01,2023-10-29,27.0715,75.7197,
WRK001192,Jaipur,Rajasthan,Jaipur,Manju Sharma,"Supply of mobile health dispensary unit and diagnostic lab at Vikas Puri, Jaipur",HEALTH,2234731.49,2023-10-02,2610431.31,IN_PROGRESS,Public Works Department (PWD),2023-24,2024-01-20,,26.9003,75.9897,PAYMENT_RISK
WRK001193,Jaipur,Rajasthan,Jaipur,Manju Sharma,"Supply and erection of 100 kVA distribution transformer for power stabilization at Adarsh Nagar, Jaipur",POWER,3361410.05,2024-05-01,3258468.85,COMPLETED,Rural Development Agency (DRDA),2024-25,2024-09-26,2024-09-23,26.8423,75.9765,
WRK001194,Jaipur,Rajasthan,Jaipur,Manju Sharma,"Construction of additional classrooms in Government High School at Model Town, Jaipur",EDUCATION,4098407.42,2024-09-14,3877789.16,COMPLETED,Municipal Corporation Engineering Cell,2024-25,2025-01-21,2025-01-17,26.852,75.9136,
WRK001195,Jaipur,Rajasthan,Jaipur,Manju Sharma,"Upgradation of Primary Health Centre with maternal care equipment at Gandhi Chowk, Jaipur",HEALTH,4747824.22,2024-04-18,4554963.8,COMPLETED,Zilla Parishad Engineering Division,2024-25,2024-08-12,2024-08-10,26.753,75.675,
WRK001196,Jaipur,Rajasthan,Jaipur,Manju Sharma,"Construction of CC road and drainage channel from Main Market to Sector 4, Jaipur",ROADS,2093636.13,2024-05-31,2046180.79,COMPLETED,Irrigation & Public Health Division,2024-25,2024-11-20,2024-11-12,27.0455,75.6049,
WRK001197,Jaipur,Rajasthan,Jaipur,Manju Sharma,"Installation of community reverse osmosis water purification plant at Vikas Puri, Jaipur",DRINKING_WATER,3585700.13,2024-07-11,3401711.36,COMPLETED,Public Works Department (PWD),2024-25,2024-12-16,2024-12-16,26.8972,75.6253,
WRK001198,Jaipur,Rajasthan,Jaipur,Manju Sharma,"Construction of modern community sanitary complex with bio-toilets at Adarsh Nagar, Jaipur",SANITATION,4756237.01,2024-08-22,4612525.4,COMPLETED,Department,2024-25,2025-01-09,2025-01-09,26.8831,75.6542,COMPLIANCE_RISK
WRK001199,Jaipur,Rajasthan,Jaipur,Manju Sharma,"Construction of Gram Panchayat Bhavan cum civic service centre at Kisan Basti, Jaipur",COMMUNITY_ASSETS,2446025.82,2024-10-04,2331847.24,COMPLETED,Municipal Corporation Engineering Cell,2024-25,2025-02-05,2025-01-26,26.8202,75.8413,
WRK001200,Jaipur,Rajasthan,Jaipur,Manju Sharma,"Supply and erection of 100 kVA distribution transformer for power stabilization at Adarsh Nagar, Jaipur",POWER,3813300.71,2024-09-12,3600523.27,COMPLETED,Zilla Parishad Engineering Division,2024-25,2025-02-11,2025-02-02,26.8304,75.7121,
WRK001201,Jaipur,Rajasthan,Jaipur,Manju Sharma,"Construction of drinking water facility and sanitation block in school at Vikas Puri, Jaipur",EDUCATION,3573253.23,2024-07-17,3507157.14,COMPLETED,Irrigation & Public Health Division,2024-25,2025-02-10,2025-01-28,27.0772,75.6839,
WRK001202,Jaipur,Rajasthan,Jaipur,Manju Sharma,"Construction of Community Health Sub-Centre building at Kisan Basti, Jaipur",HEALTH,3352508.61,2024-06-26,3196076.45,COMPLETED,Public Works Department (PWD),2024-25,2025-01-10,2025-01-07,27.0156,75.6296,
WRK001203,Jaipur,Rajasthan,Jaipur,Manju Sharma,"Rooftop solar photovoltaic power system for primary healthcare facility at Subhash Ward, Jaipur",POWER,675130.41,2026-01-19,631151.39,COMPLETED,Rural Development Agency (DRDA),2025-26,2026-09-03,2026-08-30,26.9375,75.9658,
WRK001204,Jaipur,Rajasthan,Jaipur,Manju Sharma,"Construction of additional classrooms in Government High School at Model Town, Jaipur",EDUCATION,3040977.12,2025-05-08,2928269.14,COMPLETED,Municipal Corporation Engineering Cell,2025-26,2025-10-29,2026-05-09,27.0863,75.7722,DELAYED_PROJECT
WRK001205,Jaipur,Rajasthan,Jaipur,Manju Sharma,"Supply of mobile health dispensary unit and diagnostic lab at Model Town, Jaipur",HEALTH,2509976.09,2025-08-07,2393567.63,COMPLETED,Zilla Parishad Engineering Division,2025-26,2026-04-04,2026-03-29,26.9762,75.6603,
WRK001206,Jaipur,Rajasthan,Jaipur,Manju Sharma,"Bituminous surface road connectivity linking village to Gandhi Chowk, Jaipur",ROADS,4248257.96,2025-06-14,4048984.93,COMPLETED,Irrigation & Public Health Division,2025-26,2025-12-08,2025-12-07,26.8821,75.6827,
WRK001207,Jaipur,Rajasthan,Jaipur,Manju Sharma,"Installation of community reverse osmosis water purification plant at Kisan Basti, Jaipur",DRINKING_WATER,802827.56,2025-09-26,745143.06,COMPLETED,Public Works Department (PWD),2025-26,2025-12-30,2025-12-22,27.0397,75.8592,
WRK001208,Jaipur,Rajasthan,Jaipur,Manju Sharma,"Installation of decentralized solid waste segregation and processing unit at Station Road, Jaipur",SANITATION,1226253.6,2026-01-23,1186504.14,COMPLETED,Rural Development Agency (DRDA),2025-26,2026-06-21,2026-06-18,27.0191,75.8519,
WRK001209,Jaipur,Rajasthan,Jaipur,Manju Sharma,"Construction of multipurpose community welfare hall and auditorium at Model Town, Jaipur",COMMUNITY_ASSETS,2527439.7,2025-07-26,2325257.41,COMPLETED,Municipal Corporation Engineering Cell,2025-26,2025-12-17,2025-12-05,26.7823,75.9009,
WRK001210,Jaipur,Rajasthan,Jaipur,Manju Sharma,"Rooftop solar photovoltaic power system for primary healthcare facility at Station Road, Jaipur",POWER,1971561.65,2025-10-20,1900397.49,COMPLETED,Zilla Parishad Engineering Division,2025-26,2026-05-23,2026-05-11,26.9111,75.8556,
WRK001211,Jaipur,Rajasthan,Jaipur,Manju Sharma,"Setting up of computer lab and digital library in Higher Secondary School at Adarsh Nagar, Jaipur",EDUCATION,3286287.96,2025-12-06,3089290.97,COMPLETED,Irrigation & Public Health Division,2025-26,2026-05-21,2026-05-13,27.0675,75.8361,
WRK001212,Jaipur,Rajasthan,Jaipur,Manju Sharma,"Construction of Community Health Sub-Centre building at Gandhi Chowk, Jaipur",HEALTH,2181377.02,2025-07-18,2089738.12,COMPLETED,Public Works Department (PWD),2025-26,2025-11-20,2025-11-10,26.9299,75.7692,
WRK001213,Bhopal,Madhya Pradesh,Bhopal,Alok Sharma,"Setting up of computer lab and digital library in Higher Secondary School at Ram Nagar, Bhopal",EDUCATION,1350379.04,2023-06-26,1277074.44,COMPLETED,Municipal Corporation Engineering Cell,2023-24,2023-12-24,2023-12-24,23.3807,77.3938,
WRK001214,Bhopal,Madhya Pradesh,Bhopal,Alok Sharma,"Construction of Community Health Sub-Centre building at Kisan Basti, Bhopal",HEALTH,3700134.54,2023-11-14,3466982.53,COMPLETED,Zilla Parishad Engineering Division,2023-24,2024-07-05,2024-06-29,23.0123,77.5044,
WRK001215,Bhopal,Madhya Pradesh,Bhopal,Alok Sharma,"Construction of CC road and drainage channel from Main Market to Kisan Basti, Bhopal",ROADS,2974988.62,2023-12-25,2732017.85,COMPLETED,Irrigation & Public Health Division,2023-24,2024-08-10,2024-08-09,23.3293,77.3467,
WRK001216,Bhopal,Madhya Pradesh,Bhopal,Alok Sharma,"Installation of community reverse osmosis water purification plant at Shivaji Nagar, Bhopal",DRINKING_WATER,969191.59,2023-11-19,953661.23,COMPLETED,Public Works Department (PWD),2023-24,2024-05-03,2024-04-20,23.3499,77.2129,
WRK001217,Bhopal,Madhya Pradesh,Bhopal,Alok Sharma,"Underground storm water drainage and sewage disposal network at Gandhi Chowk, Bhopal",SANITATION,1451854.07,2023-08-15,1352482.52,COMPLETED,Rural Development Agency (DRDA),2023-24,2024-03-01,2024-02-16,23.0664,77.2557,
WRK001218,Bhopal,Madhya Pradesh,Bhopal,Alok Sharma,"Construction of covered shed and crematorium facility with lighting at Adarsh Nagar, Bhopal",COMMUNITY_ASSETS,1770316.17,2024-01-13,1759409.37,COMPLETED,Municipal Corporation Engineering Cell,2023-24,2024-06-25,2024-06-13,23.1157,77.3069,
WRK001219,Bhopal,Madhya Pradesh,Bhopal,Alok Sharma,"Installation of integrated solar LED street lighting units across Subhash Ward, Bhopal",POWER,4974871.05,2023-05-16,4855065.64,COMPLETED,Zilla Parishad Engineering Division,2023-24,2023-09-16,2023-09-13,23.0999,77.4846,
WRK001220,Bhopal,Madhya Pradesh,Bhopal,Alok Sharma,"Setting up of computer lab and digital library in Higher Secondary School at Station Road, Bhopal",EDUCATION,3328971.6,2023-08-31,3279654.18,COMPLETED,Irrigation & Public Health Division,2023-24,2023-12-22,2023-12-21,23.1611,77.4999,
WRK001221,Bhopal,Madhya Pradesh,Bhopal,Alok Sharma,"Construction of Community Health Sub-Centre building at Adarsh Nagar, Bhopal",HEALTH,4418571.13,2023-04-17,4324253.35,COMPLETED,Public Works Department (PWD),2023-24,2023-11-10,2023-11-07,23.2539,77.4789,
WRK001222,Bhopal,Madhya Pradesh,Bhopal,Alok Sharma,"Construction of CC road and drainage channel from Main Market to Subhash Ward, Bhopal",ROADS,2729513.59,2023-08-02,2572564.29,COMPLETED,Rural Development Agency (DRDA),2023-24,2024-03-19,2024-03-05,23.2312,77.4265,
WRK001223,Bhopal,Madhya Pradesh,Bhopal,Alok Sharma,"Construction of drinking water facility and sanitation block in school at Kisan Basti, Bhopal",EDUCATION,1067657.64,2024-04-24,1054581.59,COMPLETED,Municipal Corporation Engineering Cell,2024-25,2024-07-23,2024-07-17,23.3967,77.3711,
WRK001224,Bhopal,Madhya Pradesh,Bhopal,Alok Sharma,"Upgradation of Primary Health Centre with maternal care equipment at Ram Nagar, Bhopal",HEALTH,3448224.82,2024-06-02,3363462.53,COMPLETED,Zilla Parishad Engineering Division,2024-25,2024-10-12,2024-10-10,23.0207,77.4502,
WRK001225,Bhopal,Madhya Pradesh,Bhopal,Alok Sharma,"Construction of reinforced cement concrete culvert and approach road at Gandhi Chowk, Bhopal",ROADS,509708.41,2024-06-03,717721.48,COMPLETED,Irrigation & Public Health Division,2024-25,2024-10-28,2024-10-28,23.2078,77.378,COST_OVERRUN
WRK001226,Bhopal,Madhya Pradesh,Bhopal,Alok Sharma,"Construction of 50,000 litre overhead water storage tank at Gandhi Chowk, Bhopal",DRINKING_WATER,2231148.6,2024-08-11,2186680.55,COMPLETED,Public Works Department (PWD),2024-25,2025-01-28,2025-01-17,23.147,77.3197,
WRK001227,Bhopal,Madhya Pradesh,Bhopal,Alok Sharma,"Installation of decentralized solid waste segregation and processing unit at Station Road, Bhopal",SANITATION,2887471.78,2024-05-21,2854530.14,COMPLETED,Rural Development Agency (DRDA),2024-25,2024-12-09,2024-12-08,23.1405,77.2852,
WRK001228,Bhopal,Madhya Pradesh,Bhopal,Alok Sharma,"Construction of multipurpose community welfare hall and auditorium at Gandhi Chowk, Bhopal",COMMUNITY_ASSETS,1131379.0,2024-06-06,1060280.22,COMPLETED,Municipal Corporation Engineering Cell,2024-25,2024-12-02,2024-11-19,23.3853,77.3258,
WRK001229,Bhopal,Madhya Pradesh,Bhopal,Alok Sharma,"Installation of integrated solar LED street lighting units across Vikas Puri, Bhopal",POWER,4012299.31,2024-09-08,3796999.66,COMPLETED,Zilla Parishad Engineering Division,2024-25,2025-02-22,2025-02-08,23.0822,77.4428,
WRK001230,Bhopal,Madhya Pradesh,Bhopal,Alok Sharma,"Construction of additional classrooms in Government High School at Kisan Basti, Bhopal",EDUCATION,1012392.44,2024-10-30,951970.64,COMPLETED,Irrigation & Public Health Division,2024-25,2025-06-12,2025-06-09,23.3555,77.2048,
WRK001231,Bhopal,Madhya Pradesh,Bhopal,Alok Sharma,"Supply of mobile health dispensary unit and diagnostic lab at Subhash Ward, Bhopal",HEALTH,2960413.72,2024-10-20,2718210.87,COMPLETED,Public Works Department (PWD),2024-25,2025-02-05,2025-01-22,23.0067,77.227,
WRK001232,Bhopal,Madhya Pradesh,Bhopal,Alok Sharma,"Bituminous surface road connectivity linking village to Vikas Puri, Bhopal",ROADS,3333628.43,2024-09-09,3124267.96,COMPLETED,Rural Development Agency (DRDA),2024-25,2025-03-20,2025-03-14,23.033,77.4146,
WRK001233,Bhopal,Madhya Pradesh,Bhopal,Alok Sharma,"Construction of additional classrooms in Government High School at Station Road, Bhopal",EDUCATION,1976282.23,2026-01-15,1846027.43,COMPLETED,Municipal Corporation Engineering Cell,2025-26,2026-05-01,2026-04-23,23.1241,77.375,
WRK001234,Bhopal,Madhya Pradesh,Bhopal,Alok Sharma,"Upgradation of Primary Health Centre with maternal care equipment at Subhash Ward, Bhopal",HEALTH,2546300.43,2025-06-14,2363238.26,COMPLETED,Zilla Parishad Engineering Division,2025-26,2025-10-26,2025-10-22,23.0478,77.4832,
WRK001235,Bhopal,Madhya Pradesh,Bhopal,Alok Sharma,"Construction of reinforced cement concrete culvert and approach road at Vikas Puri, Bhopal",ROADS,1252690.56,2025-08-26,1179785.07,COMPLETED,Irrigation & Public Health Division,2025-26,2026-01-31,2026-01-29,23.2932,77.2472,
WRK001236,Bhopal,Madhya Pradesh,Bhopal,Alok Sharma,"Construction of 50,000 litre overhead water storage tank at Vikas Puri, Bhopal",DRINKING_WATER,1693026.08,2025-05-18,1625899.1,COMPLETED,Public Works Department (PWD),2025-26,2025-12-21,2025-12-17,23.1821,77.344,
WRK001237,Bhopal,Madhya Pradesh,Bhopal,Alok Sharma,"Construction of modern community sanitary complex with bio-toilets at Ram Nagar, Bhopal",SANITATION,4530981.12,2025-06-07,6461487.02,COMPLETED,Rural Development Agency (DRDA),2025-26,2026-01-13,2026-01-13,23.001,77.5435,COST_OVERRUN
WRK001238,Bhopal,Madhya Pradesh,Bhopal,Alok Sharma,"Construction of multipurpose community welfare hall and auditorium at Vikas Puri, Bhopal",COMMUNITY_ASSETS,1512877.38,2025-11-16,1445044.91,COMPLETED,Municipal Corporation Engineering Cell,2025-26,2026-05-06,2026-04-22,23.1085,77.2312,
WRK001239,Bhopal,Madhya Pradesh,Bhopal,Alok Sharma,"Installation of integrated solar LED street lighting units across Shivaji Nagar, Bhopal",POWER,4925906.89,2026-01-05,4541246.97,COMPLETED,Zilla Parishad Engineering Division,2025-26,2026-08-02,2026-08-01,23.3464,77.5094,
WRK001240,Bhopal,Madhya Pradesh,Bhopal,Alok Sharma,"Construction of additional classrooms in Government High School at Adarsh Nagar, Bhopal",EDUCATION,1820044.49,2025-07-27,1777835.95,COMPLETED,Irrigation & Public Health Division,2025-26,2025-12-26,2025-12-17,23.1856,77.4367,
WRK001241,Bhopal,Madhya Pradesh,Bhopal,Alok Sharma,"Supply of mobile health dispensary unit and diagnostic lab at Vikas Puri, Bhopal",HEALTH,1186878.53,2025-08-19,1176290.65,COMPLETED,Public Works Department (PWD),2025-26,2026-04-04,2026-03-20,23.1386,77.5358,
WRK001242,Bhopal,Madhya Pradesh,Bhopal,Alok Sharma,"Construction of reinforced cement concrete culvert and approach road at Subhash Ward, Bhopal",ROADS,973115.46,2025-09-20,912184.83,COMPLETED,Rural Development Agency (DRDA),2025-26,2026-04-23,2026-04-09,23.3845,77.589,
WRK001243,Gurugram,Haryana,Gurugram,Rao Inderjit Singh,"Supply of mobile health dispensary unit and diagnostic lab at Subhash Ward, Gurugram",HEALTH,2570565.17,2023-10-23,2515017.92,COMPLETED,Zilla Parishad Engineering Division,2023-24,2024-05-29,2024-08-30,28.8534,76.128,DELAYED_PROJECT
WRK001244,Gurugram,Haryana,Gurugram,Rao Inderjit Singh,"Bituminous surface road connectivity linking village to Adarsh Nagar, Gurugram",ROADS,3660644.81,2023-11-03,3575028.66,COMPLETED,Irrigation & Public Health Division,2023-24,2024-04-10,2024-03-29,28.8934,76.1774,
WRK001245,Gurugram,Haryana,Gurugram,Rao Inderjit Singh,"Installation of piped drinking water supply scheme with solar pump at Gandhi Chowk, Gurugram",DRINKING_WATER,2526259.1,2023-07-09,2365085.37,COMPLETED,Public Works Department (PWD),2023-24,2024-01-06,2023-12-25,29.1859,75.8831,
WRK001246,Gurugram,Haryana,Gurugram,Rao Inderjit Singh,"Construction of modern community sanitary complex with bio-toilets at Station Road, Gurugram",SANITATION,4225738.54,2023-09-18,4000504.8,COMPLETED,Rural Development Agency (DRDA),2023-24,2024-03-09,2024-02-24,28.8593,76.0845,
WRK001247,Gurugram,Haryana,Gurugram,Rao Inderjit Singh,"Construction of covered shed and crematorium facility with lighting at Ram Nagar, Gurugram",COMMUNITY_ASSETS,4192225.34,2023-08-27,4713279.76,IN_PROGRESS,Municipal Corporation Engineering Cell,2023-24,2024-03-19,,29.0224,76.02,PAYMENT_RISK
WRK001248,Gurugram,Haryana,Gurugram,Rao Inderjit Singh,"Installation of integrated solar LED street lighting units across Station Road, Gurugram",POWER,4210315.8,2023-07-26,3859781.81,COMPLETED,Zilla Parishad Engineering Division,2023-24,2023-11-14,2023-11-01,29.0329,75.9035,
WRK001249,Gurugram,Haryana,Gurugram,Rao Inderjit Singh,"Construction of additional classrooms in Government High School at Kisan Basti, Gurugram",EDUCATION,922391.86,2023-06-20,886336.24,COMPLETED,Irrigation & Public Health Division,2023-24,2023-10-19,2023-10-16,28.8171,75.9844,
WRK001250,Gurugram,Haryana,Gurugram,Rao Inderjit Singh,"Construction of Community Health Sub-Centre building at Sector 4, Gurugram",HEALTH,3576268.96,2023-10-28,3447982.92,COMPLETED,Public Works Department (PWD),2023-24,2024-03-13,2024-03-05,28.91,75.9784,
WRK001251,Gurugram,Haryana,Gurugram,Rao Inderjit Singh,"Construction of reinforced cement concrete culvert and approach road at Ram Nagar, Gurugram",ROADS,2359516.26,2023-12-27,2309437.5,COMPLETED,Rural Development Agency (DRDA),2023-24,2024-06-05,2024-05-28,28.9532,75.9677,
WRK001252,Gurugram,Haryana,Gurugram,Rao Inderjit Singh,"Installation of community reverse osmosis water purification plant at Vikas Puri, Gurugram",DRINKING_WATER,4960156.81,2023-04-25,4666160.15,COMPLETED,Municipal Corporation Engineering Cell,2023-24,2023-12-10,2023-12-03,29.1126,75.9376,
WRK001253,Gurugram,Haryana,Gurugram,Rao Inderjit Singh,"Construction of Community Health Sub-Centre building at Model Town, Gurugram",HEALTH,639990.86,2024-08-06,635458.69,COMPLETED,Zilla Parishad Engineering Division,2024-25,2025-03-04,2025-02-20,29.0118,76.1067,
WRK001254,Gurugram,Haryana,Gurugram,Rao Inderjit Singh,"Construction of CC road and drainage channel from Main Market to Shivaji Nagar, Gurugram",ROADS,2909536.23,2024-08-30,2879906.92,COMPLETED,Irrigation & Public Health Division,2024-25,2025-01-23,2025-01-13,29.0303,76.1931,
WRK001255,Gurugram,Haryana,Gurugram,Rao Inderjit Singh,"Installation of piped drinking water supply scheme with solar pump at Shivaji Nagar, Gurugram",DRINKING_WATER,4134952.73,2024-09-25,3830488.65,COMPLETED,Public Works Department (PWD),2024-25,2024-12-31,2024-12-22,29.0814,75.9407,
WRK001256,Gurugram,Haryana,Gurugram,Rao Inderjit Singh,"Underground storm water drainage and sewage disposal network at Vikas Puri, Gurugram",SANITATION,1290481.31,2024-09-21,1244192.75,COMPLETED,Rural Development Agency (DRDA),2024-25,2025-02-14,2025-02-03,28.808,75.9912,
WRK001257,Gurugram,Haryana,Gurugram,Rao Inderjit Singh,"Construction of Gram Panchayat Bhavan cum civic service centre at Station Road, Gurugram",COMMUNITY_ASSETS,769564.74,2024-09-28,763288.71,COMPLETED,Municipal Corporation Engineering Cell,2024-25,2025-02-01,2025-01-28,29.1097,76.1386,
WRK001258,Gurugram,Haryana,Gurugram,Rao Inderjit Singh,"Rooftop solar photovoltaic power system for primary healthcare facility at Subhash Ward, Gurugram",POWER,2017819.24,2024-06-06,1874425.36,COMPLETED,Zilla Parishad Engineering Division,2024-25,2024-12-24,2024-12-20,29.1167,76.1843,
WRK001259,Gurugram,Haryana,Gurugram,Rao Inderjit Singh,"Construction of additional classrooms in Government High School at Model Town, Gurugram",EDUCATION,2210094.6,2024-07-14,2091474.65,COMPLETED,Irrigation & Public Health Division,2024-25,2024-11-26,2024-11-12,29.0915,76.1795,
WRK001260,Gurugram,Haryana,Gurugram,Rao Inderjit Singh,"Upgradation of Primary Health Centre with maternal care equipment at Model Town, Gurugram",HEALTH,4654349.79,2024-09-25,4287701.2,COMPLETED,Public Works Department (PWD),2024-25,2025-05-17,2025-05-13,28.8416,75.9985,
WRK001261,Gurugram,Haryana,Gurugram,Rao Inderjit Singh,"Bituminous surface road connectivity linking village to Station Road, Gurugram",ROADS,4204211.42,2024-05-31,3869655.34,COMPLETED,Rural Development Agency (DRDA),2024-25,2024-11-22,2024-11-15,28.9787,75.9061,
WRK001262,Gurugram,Haryana,Gurugram,Rao Inderjit Singh,"Installation of piped drinking water supply scheme with solar pump at Sector 4, Gurugram",DRINKING_WATER,2244069.76,2024-05-10,2071532.85,COMPLETED,Municipal Corporation Engineering Cell,2024-25,2024-11-21,2024-11-21,28.9972,75.9515,
WRK001263,Gurugram,Haryana,Gurugram,Rao Inderjit Singh,"Supply of mobile health dispensary unit and diagnostic lab at Shivaji Nagar, Gurugram",HEALTH,2538804.65,2025-07-08,3477135.49,COMPLETED,Zilla Parishad Engineering Division,2025-26,2025-10-11,2025-10-11,28.9275,76.1807,COST_OVERRUN
WRK001264,Gurugram,Haryana,Gurugram,Rao Inderjit Singh,"Construction of CC road and drainage channel from Main Market to Adarsh Nagar, Gurugram",ROADS,3674641.23,2025-12-19,3418146.64,COMPLETED,Irrigation & Public Health Division,2025-26,2026-07-08,2026-07-01,28.8628,75.8405,
WRK001265,Gurugram,Haryana,Gurugram,Rao Inderjit Singh,"Installation of community reverse osmosis water purification plant at Ram Nagar, Gurugram",DRINKING_WATER,1569559.19,2025-09-15,1473131.68,COMPLETED,Public Works Department (PWD),2025-26,2026-04-18,2026-04-18,28.8614,75.9443,
WRK001266,Gurugram,Haryana,Gurugram,Rao Inderjit Singh,"Construction of modern community sanitary complex with bio-toilets at Gandhi Chowk, Gurugram",SANITATION,1437706.85,2025-04-29,1371755.99,COMPLETED,Rural Development Agency (DRDA),2025-26,2025-11-26,2025-11-19,29.1375,75.9233,
WRK001267,Gurugram,Haryana,Gurugram,Rao Inderjit Singh,"Construction of multipurpose community welfare hall and auditorium at Vikas Puri, Gurugram",COMMUNITY_ASSETS,1340831.35,2025-10-31,1316651.2,COMPLETED,Municipal Corporation Engineering Cell,2025-26,2026-05-23,2026-05-09,28.8178,75.9759,
WRK001268,Gurugram,Haryana,Gurugram,Rao Inderjit Singh,"Installation of integrated solar LED street lighting units across Gandhi Chowk, Gurugram",POWER,3514735.87,2025-05-29,3362922.41,COMPLETED,Zilla Parishad Engineering Division,2025-26,2026-01-24,2026-01-24,28.891,75.8244,
WRK001269,Gurugram,Haryana,Gurugram,Rao Inderjit Singh,"Construction of drinking water facility and sanitation block in school at Shivaji Nagar, Gurugram",EDUCATION,1848843.51,2025-12-15,1791904.29,COMPLETED,Irrigation & Public Health Division,2025-26,2026-03-23,2026-03-12,29.0008,76.1602,
WRK001270,Gurugram,Haryana,Gurugram,Rao Inderjit Singh,"Upgradation of Primary Health Centre with maternal care equipment at Kisan Basti, Gurugram",HEALTH,4772531.65,2025-07-13,4533100.7,COMPLETED,Public Works Department (PWD),2025-26,2025-11-29,2025-11-18,28.8505,75.9693,
WRK001271,Gurugram,Haryana,Gurugram,Rao Inderjit Singh,"Construction of reinforced cement concrete culvert and approach road at Ram Nagar, Gurugram",ROADS,4607769.66,2025-09-26,4407677.51,COMPLETED,Rural Development Agency (DRDA),2025-26,2026-04-03,2026-03-19,29.0225,76.0208,
WRK001272,Gurugram,Haryana,Gurugram,Rao Inderjit Singh,"Installation of community reverse osmosis water purification plant at Model Town, Gurugram",DRINKING_WATER,4018799.44,2026-01-08,3974569.55,COMPLETED,Municipal Corporation Engineering Cell,2025-26,2026-08-31,2026-08-19,29.0352,76.1034,
WRK001273,Raipur,Chhattisgarh,Raipur,Brijmohan Agrawal,"Construction of reinforced cement concrete culvert and approach road at Adarsh Nagar, Raipur",ROADS,1695197.16,2023-11-12,1633648.66,COMPLETED,Irrigation & Public Health Division,2023-24,2024-06-10,2024-06-07,21.015,81.5102,
WRK001274,Raipur,Chhattisgarh,Raipur,Brijmohan Agrawal,"Installation of piped drinking water supply scheme with solar pump at Subhash Ward, Raipur",DRINKING_WATER,3607900.3,2023-10-02,3388700.14,COMPLETED,Public Works Department (PWD),2023-24,2024-03-08,2024-03-01,21.3588,81.4081,
WRK001275,Raipur,Chhattisgarh,Raipur,Brijmohan Agrawal,"Underground storm water drainage and sewage disposal network at Gandhi Chowk, Raipur",SANITATION,1114479.08,2023-08-10,1036504.39,COMPLETED,Rural Development Agency (DRDA),2023-24,2024-01-29,2024-01-20,21.1078,81.5667,
WRK001276,Raipur,Chhattisgarh,Raipur,Brijmohan Agrawal,"Construction of Gram Panchayat Bhavan cum civic service centre at Kisan Basti, Raipur",COMMUNITY_ASSETS,4410578.14,2024-01-05,4311081.29,COMPLETED,Municipal Corporation Engineering Cell,2023-24,2024-05-14,2024-04-29,21.0262,81.6838,
WRK001277,Raipur,Chhattisgarh,Raipur,Brijmohan Agrawal,"Installation of integrated solar LED street lighting units across Shivaji Nagar, Raipur",POWER,4268965.21,2023-07-27,4078612.52,COMPLETED,Zilla Parishad Engineering Division,2023-24,2024-01-25,2024-01-13,21.2819,81.5096,
WRK001278,Raipur,Chhattisgarh,Raipur,Brijmohan Agrawal,"Construction of drinking water facility and sanitation block in school at Sector 4, Raipur",EDUCATION,2182081.05,2023-08-17,2152752.47,COMPLETED,Irrigation & Public Health Division,2023-24,2024-03-15,2024-03-02,21.2348,81.5399,
WRK001279,Raipur,Chhattisgarh,Raipur,Brijmohan Agrawal,"Construction of Community Health Sub-Centre building at Sector 4, Raipur",HEALTH,731982.45,2023-10-30,685521.1,COMPLETED,Public Works Department (PWD),2023-24,2024-03-22,2024-03-20,21.3428,81.659,
WRK001280,Raipur,Chhattisgarh,Raipur,Brijmohan Agrawal,"Construction of reinforced cement concrete culvert and approach road at Sector 4, Raipur",ROADS,2634847.38,2023-04-20,2561122.35,COMPLETED,Rural Development Agency (DRDA),2023-24,2023-07-21,2023-07-14,21.0895,81.6433,
WRK001281,Raipur,Chhattisgarh,Raipur,Brijmohan Agrawal,"Construction of 50,000 litre overhead water storage tank at Subhash Ward, Raipur",DRINKING_WATER,2567751.44,2023-10-11,2505035.87,COMPLETED,Municipal Corporation Engineering Cell,2023-24,2024-05-21,2024-10-23,21.3297,81.5589,DELAYED_PROJECT
WRK001282,Raipur,Chhattisgarh,Raipur,Brijmohan Agrawal,"Installation of decentralized solid waste segregation and processing unit at Model Town, Raipur",SANITATION,1844311.86,2023-09-07,1792463.65,COMPLETED,Zilla Parishad Engineering Division,2023-24,2024-02-14,2024-02-08,21.2562,81.7446,
WRK001283,Raipur,Chhattisgarh,Raipur,Brijmohan Agrawal,"Construction of reinforced cement concrete culvert and approach road at Shivaji Nagar, Raipur",ROADS,4132477.4,2024-05-15,4110978.3,COMPLETED,Irrigation & Public Health Division,2024-25,2024-11-02,2024-10-26,21.2723,81.6885,
WRK001284,Raipur,Chhattisgarh,Raipur,Brijmohan Agrawal,"Construction of 50,000 litre overhead water storage tank at Subhash Ward, Raipur",DRINKING_WATER,3821166.78,2024-10-31,3691495.82,COMPLETED,Public Works Department (PWD),2024-25,2025-03-18,2025-03-18,21.1373,81.6853,
WRK001285,Raipur,Chhattisgarh,Raipur,Brijmohan Agrawal,"Installation of decentralized solid waste segregation and processing unit at Adarsh Nagar, Raipur",SANITATION,1852660.09,2024-12-31,1733519.5,COMPLETED,Rural Development Agency (DRDA),2024-25,2025-08-20,2025-08-10,21.0725,81.439,
WRK001286,Raipur,Chhattisgarh,Raipur,Brijmohan Agrawal,"Construction of covered shed and crematorium facility with lighting at Adarsh Nagar, Raipur",COMMUNITY_ASSETS,1502452.39,2024-05-31,1410087.76,COMPLETED,Municipal Corporation Engineering Cell,2024-25,2024-12-14,2024-12-02,21.3152,81.5325,
WRK001287,Raipur,Chhattisgarh,Raipur,Brijmohan Agrawal,"Supply and erection of 100 kVA distribution transformer for power stabilization at Sector 4, Raipur",POWER,2627014.48,2024-05-22,2435406.02,COMPLETED,Zilla Parishad Engineering Division,2024-25,2024-11-25,2024-11-16,21.2119,81.5652,
WRK001288,Raipur,Chhattisgarh,Raipur,Brijmohan Agrawal,"Setting up of computer lab and digital library in Higher Secondary School at Subhash Ward, Raipur",EDUCATION,1153145.71,2024-12-06,1113661.91,COMPLETED,Irrigation & Public Health Division,2024-25,2025-03-26,2025-03-11,21.195,81.6524,
WRK001289,Raipur,Chhattisgarh,Raipur,Brijmohan Agrawal,"Construction of Community Health Sub-Centre building at Ram Nagar, Raipur",HEALTH,3927139.56,2024-08-01,3729592.32,COMPLETED,Public Works Department (PWD),2024-25,2025-03-04,2025-03-02,21.3141,81.7119,
WRK001290,Raipur,Chhattisgarh,Raipur,Brijmohan Agrawal,"Bituminous surface road connectivity linking village to Subhash Ward, Raipur",ROADS,2225397.53,2024-12-16,2130779.64,COMPLETED,Rural Development Agency (DRDA),2024-25,2025-06-19,2025-06-04,21.38,81.7568,
WRK001291,Raipur,Chhattisgarh,Raipur,Brijmohan Agrawal,"Installation of community reverse osmosis water purification plant at Sector 4, Raipur",DRINKING_WATER,1526977.29,2024-08-21,1497823.49,COMPLETED,Municipal Corporation Engineering Cell,2024-25,2024-12-15,2024-12-09,21.1534,81.6355,
WRK001292,Raipur,Chhattisgarh,Raipur,Brijmohan Agrawal,"Underground storm water drainage and sewage disposal network at Kisan Basti, Raipur",SANITATION,3187109.75,2025-01-07,2964248.18,COMPLETED,Zilla Parishad Engineering Division,2024-25,2025-05-11,2025-05-08,21.1371,81.7606,
WRK001293,Raipur,Chhattisgarh,Raipur,Brijmohan Agrawal,"Construction of CC road and drainage channel from Main Market to Station Road, Raipur",ROADS,3809282.33,2025-08-02,3680626.44,COMPLETED,Irrigation & Public Health Division,2025-26,2026-02-01,2026-01-18,21.2844,81.7169,
WRK001294,Raipur,Chhattisgarh,Raipur,Brijmohan Agrawal,"Installation of community reverse osmosis water purification plant at Sector 4, Raipur",DRINKING_WATER,3441350.39,2025-06-10,3342065.56,COMPLETED,Public Works Department (PWD),2025-26,2025-12-23,2025-12-14,21.1777,81.4494,
WRK001295,Raipur,Chhattisgarh,Raipur,Brijmohan Agrawal,"Installation of decentralized solid waste segregation and processing unit at Sector 4, Raipur",SANITATION,2395021.67,2025-09-17,2309796.83,COMPLETED,Rural Development Agency (DRDA),2025-26,2026-01-20,2026-01-14,21.1675,81.7594,
WRK001296,Raipur,Chhattisgarh,Raipur,Brijmohan Agrawal,"Construction of multipurpose community welfare hall and auditorium at Gandhi Chowk, Raipur",COMMUNITY_ASSETS,1395987.56,2025-12-26,1295238.98,COMPLETED,Municipal Corporation Engineering Cell,2025-26,2026-08-06,2026-08-06,21.3892,81.5432,
WRK001297,Raipur,Chhattisgarh,Raipur,Brijmohan Agrawal,"Installation of integrated solar LED street lighting units across Kisan Basti, Raipur",POWER,1555500.0,2025-10-02,1434492.39,COMPLETED,Zilla Parishad Engineering Division,2025-26,2026-01-28,2026-01-15,21.3341,81.6676,
WRK001298,Raipur,Chhattisgarh,Raipur,Brijmohan Agrawal,"Construction of drinking water facility and sanitation block in school at Gandhi Chowk, Raipur",EDUCATION,3404137.92,2025-08-25,3125528.16,COMPLETED,Irrigation & Public Health Division,2025-26,2026-01-29,2026-01-23,21.1857,81.4399,
WRK001299,Raipur,Chhattisgarh,Raipur,Brijmohan Agrawal,"Construction of Community Health Sub-Centre building at Adarsh Nagar, Raipur",HEALTH,3824472.03,2025-11-20,3599948.24,COMPLETED,Public Works Department (PWD),2025-26,2026-03-01,2026-02-28,21.0039,81.4554,
WRK001300,Raipur,Chhattisgarh,Raipur,Brijmohan Agrawal,"Construction of reinforced cement concrete culvert and approach road at Ram Nagar, Raipur",ROADS,2180292.42,2025-06-02,2143344.59,COMPLETED,Rural Development Agency (DRDA),2025-26,2025-12-11,2025-12-09,21.3849,81.5087,
WRK001301,Raipur,Chhattisgarh,Raipur,Brijmohan Agrawal,"Installation of community reverse osmosis water purification plant at Station Road, Raipur",DRINKING_WATER,1103593.82,2025-06-12,1060018.94,COMPLETED,Municipal Corporation Engineering Cell,2025-26,2025-10-20,2025-10-19,21.0415,81.7645,
WRK001302,Raipur,Chhattisgarh,Raipur,Brijmohan Agrawal,"Construction of modern community sanitary complex with bio-toilets at Model Town, Raipur",SANITATION,4012392.03,2025-10-27,3812795.71,COMPLETED,Zilla Parishad Engineering Division,2025-26,2026-02-27,2026-02-14,21.1932,81.5952,
WRK001303,Guwahati,Assam,Kamrup,Bijuli Kalita Medhi,"Construction of 50,000 litre overhead water storage tank at Sector 4, Kamrup",DRINKING_WATER,3959688.04,2024-01-09,3760229.97,COMPLETED,Public Works Department (PWD),2023-24,2024-07-03,2024-06-25,26.2076,92.9753,
WRK001304,Guwahati,Assam,Kamrup,Bijuli Kalita Medhi,"Underground storm water drainage and sewage disposal network at Adarsh Nagar, Kamrup",SANITATION,1177226.84,2023-10-30,1121359.32,COMPLETED,Rural Development Agency (DRDA),2023-24,2024-02-10,2024-02-10,26.0047,93.0737,
WRK001305,Guwahati,Assam,Kamrup,Bijuli Kalita Medhi,"Construction of multipurpose community welfare hall and auditorium at Gandhi Chowk, Kamrup",COMMUNITY_ASSETS,1946227.98,2023-12-23,1817387.69,COMPLETED,Municipal Corporation Engineering Cell,2023-24,2024-07-29,2024-07-28,26.0891,92.9573,
WRK001306,Guwahati,Assam,Kamrup,Bijuli Kalita Medhi,"Supply and erection of 100 kVA distribution transformer for power stabilization at Model Town, Kamrup",POWER,901123.91,2023-12-01,827111.5,COMPLETED,Zilla Parishad Engineering Division,2023-24,2024-07-05,2024-06-20,26.2981,92.7071,
WRK001307,Guwahati,Assam,Kamrup,Bijuli Kalita Medhi,"Construction of additional classrooms in Government High School at Model Town, Kamrup",EDUCATION,4511166.22,2023-09-18,4335888.94,COMPLETED,Irrigation & Public Health Division,2023-24,2024-04-11,2024-10-31,26.3801,92.8453,DELAYED_PROJECT
WRK001308,Guwahati,Assam,Kamrup,Bijuli Kalita Medhi,"Supply of mobile health dispensary unit and diagnostic lab at Kisan Basti, Kamrup",HEALTH,3722840.23,2023-10-19,3644634.59,COMPLETED,Public Works Department (PWD),2023-24,2024-03-13,2024-03-09,26.0009,92.8421,
WRK001309,Guwahati,Assam,Kamrup,Bijuli Kalita Medhi,"Construction of reinforced cement concrete culvert and approach road at Gandhi Chowk, Kamrup",ROADS,4540922.34,2023-05-09,4492867.12,COMPLETED,Rural Development Agency (DRDA),2023-24,2023-11-19,2023-11-16,26.0428,92.9443,
WRK001310,Guwahati,Assam,Kamrup,Bijuli Kalita Medhi,"Installation of piped drinking water supply scheme with solar pump at Kisan Basti, Kamrup",DRINKING_WATER,3726712.81,2023-07-22,3585639.19,COMPLETED,Municipal Corporation Engineering Cell,2023-24,2024-03-18,2024-03-07,26.0493,93.0567,
WRK001311,Guwahati,Assam,Kamrup,Bijuli Kalita Medhi,"Underground storm water drainage and sewage disposal network at Sector 4, Kamrup",SANITATION,3818539.51,2024-01-12,3548096.01,COMPLETED,Zilla Parishad Engineering Division,2023-24,2024-09-07,2024-08-28,26.1932,92.9033,
WRK001312,Guwahati,Assam,Kamrup,Bijuli Kalita Medhi,"Construction of covered shed and crematorium facility with lighting at Station Road, Kamrup",COMMUNITY_ASSETS,2249370.8,2023-06-08,2182792.22,COMPLETED,Irrigation & Public Health Division,2023-24,2024-01-13,2024-01-05,26.3526,92.8675,
WRK001313,Guwahati,Assam,Kamrup,Bijuli Kalita Medhi,"Construction of 50,000 litre overhead water storage tank at Ram Nagar, Kamrup",DRINKING_WATER,4123054.19,2024-12-03,4007402.31,COMPLETED,Public Works Department (PWD),2024-25,2025-07-12,2025-07-03,26.1196,92.9806,
WRK001314,Guwahati,Assam,Kamrup,Bijuli Kalita Medhi,"Construction of modern community sanitary complex with bio-toilets at Shivaji Nagar, Kamrup",SANITATION,3598969.85,2024-09-11,3326284.61,COMPLETED,Rural Development Agency (DRDA),2024-25,2025-01-24,2025-01-20,26.2016,92.9777,
WRK001315,Guwahati,Assam,Kamrup,Bijuli Kalita Medhi,"Construction of covered shed and crematorium facility with lighting at Kisan Basti, Kamrup",COMMUNITY_ASSETS,3543044.59,2024-11-15,3391637.31,COMPLETED,Municipal Corporation Engineering Cell,2024-25,2025-06-01,2025-09-20,26.3233,92.9091,DELAYED_PROJECT
WRK001316,Guwahati,Assam,Kamrup,Bijuli Kalita Medhi,"Installation of integrated solar LED street lighting units across Ram Nagar, Kamrup",POWER,1159642.61,2024-08-22,1070580.2,COMPLETED,Zilla Parishad Engineering Division,2024-25,2025-01-11,2025-01-03,26.3014,92.7129,
WRK001317,Guwahati,Assam,Kamrup,Bijuli Kalita Medhi,"Construction of drinking water facility and sanitation block in school at Vikas Puri, Kamrup",EDUCATION,1577044.29,2024-11-01,1495551.0,COMPLETED,Irrigation & Public Health Division,2024-25,2025-04-13,2025-04-08,26.2772,92.7188,
WRK001318,Guwahati,Assam,Kamrup,Bijuli Kalita Medhi,"Supply of mobile health dispensary unit and diagnostic lab at Sector 4, Kamrup",HEALTH,3848626.08,2024-04-22,3720892.45,COMPLETED,Public Works Department (PWD),2024-25,2024-11-11,2024-11-02,26.332,93.0646,
WRK001319,Guwahati,Assam,Kamrup,Bijuli Kalita Medhi,"Construction of reinforced cement concrete culvert and approach road at Shivaji Nagar, Kamrup",ROADS,2529502.43,2024-09-13,3031048.77,COMPLETED,Rural Development Agency (DRDA),2024-25,2025-01-25,2025-01-25,26.294,92.7477,COST_OVERRUN
WRK001320,Guwahati,Assam,Kamrup,Bijuli Kalita Medhi,"Installation of piped drinking water supply scheme with solar pump at Adarsh Nagar, Kamrup",DRINKING_WATER,3695234.41,2024-12-10,3630387.47,COMPLETED,Municipal Corporation Engineering Cell,2024-25,2025-05-31,2025-05-25,26.2388,93.0095,
WRK001321,Guwahati,Assam,Kamrup,Bijuli Kalita Medhi,"Underground storm water drainage and sewage disposal network at Model Town, Kamrup",SANITATION,2119246.6,2025-01-22,1966130.27,COMPLETED,Zilla Parishad Engineering Division,2024-25,2025-06-17,2025-06-14,26.3828,92.9082,
WRK001322,Guwahati,Assam,Kamrup,Bijuli Kalita Medhi,"Construction of multipurpose community welfare hall and auditorium at Adarsh Nagar, Kamrup",COMMUNITY_ASSETS,4481952.0,2024-08-07,4458334.29,COMPLETED,Irrigation & Public Health Division,2024-25,2025-01-19,2025-01-04,26.0874,93.0011,
WRK001323,Guwahati,Assam,Kamrup,Bijuli Kalita Medhi,"Construction of 50,000 litre overhead water storage tank at Kisan Basti, Kamrup",DRINKING_WATER,4576409.71,2025-08-17,4533386.94,COMPLETED,Public Works Department (PWD),2025-26,2025-11-25,2025-11-22,26.273,92.8284,
WRK001324,Guwahati,Assam,Kamrup,Bijuli Kalita Medhi,"Underground storm water drainage and sewage disposal network at Vikas Puri, Kamrup",SANITATION,616393.03,2025-09-07,803880.32,COMPLETED,Rural Development Agency (DRDA),2025-26,2026-04-16,2026-04-16,26.3211,92.8782,COST_OVERRUN
WRK001325,Guwahati,Assam,Kamrup,Bijuli Kalita Medhi,"Construction of multipurpose community welfare hall and auditorium at Vikas Puri, Kamrup",COMMUNITY_ASSETS,533736.42,2026-01-14,691319.31,IN_PROGRESS,Municipal Corporation Engineering Cell,2025-26,2026-06-07,,26.346,92.8697,PAYMENT_RISK
WRK001326,Guwahati,Assam,Kamrup,Bijuli Kalita Medhi,"Rooftop solar photovoltaic power system for primary healthcare facility at Gandhi Chowk, Kamrup",POWER,614084.58,2025-07-03,590133.43,COMPLETED,Zilla Parishad Engineering Division,2025-26,2025-10-19,2025-10-11,26.0217,93.0177,
WRK001327,Guwahati,Assam,Kamrup,Bijuli Kalita Medhi,"Setting up of computer lab and digital library in Higher Secondary School at Subhash Ward, Kamrup",EDUCATION,2534169.44,2025-10-31,2444125.2,COMPLETED,Irrigation & Public Health Division,2025-26,2026-05-08,2026-04-24,26.2693,92.9139,
WRK001328,Guwahati,Assam,Kamrup,Bijuli Kalita Medhi,"Supply of mobile health dispensary unit and diagnostic lab at Gandhi Chowk, Kamrup",HEALTH,4677366.3,2025-10-16,4422511.04,COMPLETED,Public Works Department (PWD),2025-26,2026-04-01,2026-03-17,26.2426,92.8126,
WRK001329,Guwahati,Assam,Kamrup,Bijuli Kalita Medhi,"Bituminous surface road connectivity linking village to Station Road, Kamrup",ROADS,1496888.67,2026-01-14,1475869.73,COMPLETED,Rural Development Agency (DRDA),2025-26,2026-08-31,2026-08-27,26.118,92.9536,
WRK001330,Guwahati,Assam,Kamrup,Bijuli Kalita Medhi,"Installation of piped drinking water supply scheme with solar pump at Vikas Puri, Kamrup",DRINKING_WATER,1136696.49,2026-01-25,1108124.18,COMPLETED,Municipal Corporation Engineering Cell,2025-26,2026-08-03,2026-07-30,26.2149,93.0788,
WRK001331,Guwahati,Assam,Kamrup,Bijuli Kalita Medhi,"Construction of modern community sanitary complex with bio-toilets at Subhash Ward, Kamrup",SANITATION,1142969.99,2026-01-03,1123745.34,COMPLETED,Zilla Parishad Engineering Division,2025-26,2026-06-06,2026-06-05,26.0777,92.7725,
WRK001332,Guwahati,Assam,Kamrup,Bijuli Kalita Medhi,"Construction of covered shed and crematorium facility with lighting at Vikas Puri, Kamrup",COMMUNITY_ASSETS,1808703.92,2025-05-23,1749808.61,COMPLETED,Irrigation & Public Health Division,2025-26,2026-01-16,2026-01-04,26.1949,92.8323,
WRK001333,Bengaluru South,Karnataka,Bengaluru Urban,Tejasvi Surya,"Construction of modern community sanitary complex with bio-toilets at Shivaji Nagar, Bengaluru Urban",SANITATION,2689726.5,2023-09-25,2667382.17,COMPLETED,Rural Development Agency (DRDA),2023-24,2024-05-21,2024-05-11,12.761,77.6267,
WRK001334,Bengaluru South,Karnataka,Bengaluru Urban,Tejasvi Surya,"Construction of multipurpose community welfare hall and auditorium at Adarsh Nagar, Bengaluru Urban",COMMUNITY_ASSETS,4042621.2,2023-08-20,3982915.19,COMPLETED,Municipal Corporation Engineering Cell,2023-24,2024-01-27,2024-01-26,13.036,77.4537,
WRK001335,Bengaluru South,Karnataka,Bengaluru Urban,Tejasvi Surya,"Supply and erection of 100 kVA distribution transformer for power stabilization at Adarsh Nagar, Bengaluru Urban",POWER,2692549.2,2023-09-19,2579702.96,COMPLETED,Zilla Parishad Engineering Division,2023-24,2024-01-07,2023-12-31,13.0367,77.7435,
WRK001336,Bengaluru South,Karnataka,Bengaluru Urban,Tejasvi Surya,"Construction of drinking water facility and sanitation block in school at Gandhi Chowk, Bengaluru Urban",EDUCATION,4522984.03,2023-05-24,4151794.06,COMPLETED,Irrigation & Public Health Division,2023-24,2024-01-17,2024-01-10,12.9316,77.7077,
WRK001337,Bengaluru South,Karnataka,Bengaluru Urban,Tejasvi Surya,"Supply of mobile health dispensary unit and diagnostic lab at Vikas Puri, Bengaluru Urban",HEALTH,3444158.34,2023-12-13,3292040.06,COMPLETED,Public Works Department (PWD),2023-24,2024-08-09,2024-08-06,12.9933,77.5164,
WRK001338,Bengaluru South,Karnataka,Bengaluru Urban,Tejasvi Surya,"Bituminous surface road connectivity linking village to Vikas Puri, Bengaluru Urban",ROADS,3490548.18,2023-04-21,3352003.37,COMPLETED,Rural Development Agency (DRDA),2023-24,2023-08-31,2023-08-20,13.0029,77.4561,
WRK001339,Bengaluru South,Karnataka,Bengaluru Urban,Tejasvi Surya,"Installation of community reverse osmosis water purification plant at Kisan Basti, Bengaluru Urban",DRINKING_WATER,689527.27,2023-10-16,680989.6,COMPLETED,Municipal Corporation Engineering Cell,2023-24,2024-03-21,2024-03-17,12.8478,77.4171,
WRK001340,Bengaluru South,Karnataka,Bengaluru Urban,Tejasvi Surya,"Underground storm water drainage and sewage disposal network at Kisan Basti, Bengaluru Urban",SANITATION,4467479.59,2023-12-04,4386125.81,COMPLETED,Zilla Parishad Engineering Division,2023-24,2024-03-29,2024-03-22,12.9815,77.6085,
WRK001341,Bengaluru South,Karnataka,Bengaluru Urban,Tejasvi Surya,"Construction of covered shed and crematorium facility with lighting at Vikas Puri, Bengaluru Urban",COMMUNITY_ASSETS,2198815.6,2023-07-14,2102748.78,COMPLETED,Irrigation & Public Health Division,2023-24,2023-10-31,2023-10-27,12.9067,77.5505,
WRK001342,Bengaluru South,Karnataka,Bengaluru Urban,Tejasvi Surya,"Supply and erection of 100 kVA distribution transformer for power stabilization at Kisan Basti, Bengaluru Urban",POWER,4492439.94,2023-12-18,4186600.78,COMPLETED,Public Works Department (PWD),2023-24,2024-07-07,2024-06-27,12.7662,77.4308,
WRK001343,Bengaluru South,Karnataka,Bengaluru Urban,Tejasvi Surya,"Installation of decentralized solid waste segregation and processing unit at Gandhi Chowk, Bengaluru Urban",SANITATION,2369130.59,2024-08-11,2245632.4,COMPLETED,Rural Development Agency (DRDA),2024-25,2025-03-11,2025-03-03,12.8916,77.6363,
WRK001344,Bengaluru South,Karnataka,Bengaluru Urban,Tejasvi Surya,"Construction of multipurpose community welfare hall and auditorium at Station Road, Bengaluru Urban",COMMUNITY_ASSETS,1111433.76,2024-07-07,1102163.37,COMPLETED,Municipal Corporation Engineering Cell,2024-25,2024-11-11,2024-10-27,12.7224,77.5033,
WRK001345,Bengaluru South,Karnataka,Bengaluru Urban,Tejasvi Surya,"Rooftop solar photovoltaic power system for primary healthcare facility at Ram Nagar, Bengaluru Urban",POWER,1480774.85,2024-05-29,1449040.79,COMPLETED,Zilla Parishad Engineering Division,2024-25,2024-12-28,2024-12-18,12.7682,77.7321,
WRK001346,Bengaluru South,Karnataka,Bengaluru Urban,Tejasvi Surya,"Construction of drinking water facility and sanitation block in school at Vikas Puri, Bengaluru Urban",EDUCATION,1261635.25,2024-08-29,1174819.46,COMPLETED,Irrigation & Public Health Division,2024-25,2024-12-14,2024-12-12,12.7919,77.5542,
WRK001347,Bengaluru South,Karnataka,Bengaluru Urban,Tejasvi Surya,"Upgradation of Primary Health Centre with maternal care equipment at Model Town, Bengaluru Urban",HEALTH,1307425.45,2024-06-04,1209925.91,COMPLETED,Public Works Department (PWD),2024-25,2025-01-16,2025-01-01,12.9013,77.447,
WRK001348,Bengaluru South,Karnataka,Bengaluru Urban,Tejasvi Surya,"Construction of reinforced cement concrete culvert and approach road at Subhash Ward, Bengaluru Urban",ROADS,2401838.67,2025-01-08,2270935.87,COMPLETED,Rural Development Agency (DRDA),2024-25,2025-07-26,2025-07-14,12.7918,77.7209,
WRK001349,Bengaluru South,Karnataka,Bengaluru Urban,Tejasvi Surya,"Construction of 50,000 litre overhead water storage tank at Station Road, Bengaluru Urban",DRINKING_WATER,2649538.07,2024-08-24,2425486.66,COMPLETED,Municipal Corporation Engineering Cell,2024-25,2025-02-02,2025-01-18,12.9393,77.6175,
WRK001350,Bengaluru South,Karnataka,Bengaluru Urban,Tejasvi Surya,"Installation of decentralized solid waste segregation and processing unit at Vikas Puri, Bengaluru Urban",SANITATION,2842740.93,2024-06-15,2734232.41,COMPLETED,Zilla Parishad Engineering Division,2024-25,2024-12-02,2024-11-25,12.8635,77.4426,
WRK001351,Bengaluru South,Karnataka,Bengaluru Urban,Tejasvi Surya,"Construction of covered shed and crematorium facility with lighting at Subhash Ward, Bengaluru Urban",COMMUNITY_ASSETS,3263381.26,2024-10-20,3082645.54,COMPLETED,Irrigation & Public Health Division,2024-25,2025-03-11,2025-03-11,12.8653,77.7135,
WRK001352,Bengaluru South,Karnataka,Bengaluru Urban,Tejasvi Surya,"Supply and erection of 100 kVA distribution transformer for power stabilization at Ram Nagar, Bengaluru Urban",POWER,3987916.4,2024-10-09,3700561.54,COMPLETED,Public Works Department (PWD),2024-25,2025-02-06,2025-01-28,12.9991,77.5786,
WRK001353,Bengaluru South,Karnataka,Bengaluru Urban,Tejasvi Surya,"Underground storm water drainage and sewage disposal network at Vikas Puri, Bengaluru Urban",SANITATION,1232969.33,2025-05-12,1136860.92,COMPLETED,Rural Development Agency (DRDA),2025-26,2025-09-02,2025-08-26,13.0293,77.5887,
WRK001354,Bengaluru South,Karnataka,Bengaluru Urban,Tejasvi Surya,"Construction of multipurpose community welfare hall and auditorium at Adarsh Nagar, Bengaluru Urban",COMMUNITY_ASSETS,3247902.58,2025-05-26,3127073.48,COMPLETED,Municipal Corporation Engineering Cell,2025-26,2025-12-04,2025-11-24,12.9456,77.6084,
WRK001355,Bengaluru South,Karnataka,Bengaluru Urban,Tejasvi Surya,"Rooftop solar photovoltaic power system for primary healthcare facility at Kisan Basti, Bengaluru Urban",POWER,556717.49,2025-11-26,532369.5,COMPLETED,Zilla Parishad Engineering Division,2025-26,2026-07-06,2026-06-28,12.8144,77.4134,
WRK001356,Bengaluru South,Karnataka,Bengaluru Urban,Tejasvi Surya,"Construction of drinking water facility and sanitation block in school at Station Road, Bengaluru Urban",EDUCATION,2125415.0,2025-05-04,2011942.17,COMPLETED,Irrigation & Public Health Division,2025-26,2025-08-24,2025-08-15,13.0987,77.7119,
WRK001357,Bengaluru South,Karnataka,Bengaluru Urban,Tejasvi Surya,"Supply of mobile health dispensary unit and diagnostic lab at Sector 4, Bengaluru Urban",HEALTH,4641839.53,2025-05-21,4349963.57,COMPLETED,Public Works Department (PWD),2025-26,2026-01-09,2025-12-31,13.066,77.5392,
WRK001358,Bengaluru South,Karnataka,Bengaluru Urban,Tejasvi Surya,"Bituminous surface road connectivity linking village to Subhash Ward, Bengaluru Urban",ROADS,1679114.11,2025-04-18,1605338.76,COMPLETED,Rural Development Agency (DRDA),2025-26,2025-08-04,2025-07-28,12.9013,77.536,
WRK001359,Bengaluru South,Karnataka,Bengaluru Urban,Tejasvi Surya,"Installation of community reverse osmosis water purification plant at Model Town, Bengaluru Urban",DRINKING_WATER,3633526.93,2025-08-22,3458600.35,COMPLETED,Municipal Corporation Engineering Cell,2025-26,2026-01-21,2026-01-06,13.003,77.7845,
WRK001360,Bengaluru South,Karnataka,Bengaluru Urban,Tejasvi Surya,"Underground storm water drainage and sewage disposal network at Gandhi Chowk, Bengaluru Urban",SANITATION,810367.78,2025-08-26,776212.52,COMPLETED,Zilla Parishad Engineering Division,2025-26,2026-01-21,2026-01-14,13.0201,77.565,
WRK001361,Bengaluru South,Karnataka,Bengaluru Urban,Tejasvi Surya,"Construction of multipurpose community welfare hall and auditorium at Ram Nagar, Bengaluru Urban",COMMUNITY_ASSETS,2302700.46,2025-06-02,2271718.32,COMPLETED,Irrigation & Public Health Division,2025-26,2026-01-19,2026-01-12,13.0726,77.5906,
WRK001362,Bengaluru South,Karnataka,Bengaluru Urban,Tejasvi Surya,"Installation of integrated solar LED street lighting units across Shivaji Nagar, Bengaluru Urban",POWER,3819430.25,2025-12-27,3683793.7,COMPLETED,Public Works Department (PWD),2025-26,2026-06-02,2026-05-22,12.7827,77.4811,
WRK001363,Visakhapatnam,Andhra Pradesh,Visakhapatnam,M. Sribharat,"Construction of multipurpose community welfare hall and auditorium at Gandhi Chowk, Visakhapatnam",COMMUNITY_ASSETS,3269887.18,2023-12-24,3226887.17,COMPLETED,Municipal Corporation Engineering Cell,2023-24,2024-04-02,2024-03-26,16.0392,79.6485,
WRK001364,Visakhapatnam,Andhra Pradesh,Visakhapatnam,M. Sribharat,"Supply and erection of 100 kVA distribution transformer for power stabilization at Station Road, Visakhapatnam",POWER,1763498.87,2024-01-02,1618195.4,COMPLETED,Zilla Parishad Engineering Division,2023-24,2024-04-14,2024-04-10,15.9103,79.6693,
WRK001365,Visakhapatnam,Andhra Pradesh,Visakhapatnam,M. Sribharat,"Setting up of computer lab and digital library in Higher Secondary School at Station Road, Visakhapatnam",EDUCATION,4901294.76,2023-12-06,4612289.4,COMPLETED,Irrigation & Public Health Division,2023-24,2024-03-07,2024-02-29,15.7047,79.5843,
WRK001366,Visakhapatnam,Andhra Pradesh,Visakhapatnam,M. Sribharat,"Upgradation of Primary Health Centre with maternal care equipment at Vikas Puri, Visakhapatnam",HEALTH,1571892.65,2023-08-28,1532871.45,COMPLETED,Public Works Department (PWD),2023-24,2024-02-27,2024-02-23,15.7736,79.6696,
WRK001367,Visakhapatnam,Andhra Pradesh,Visakhapatnam,M. Sribharat,"Bituminous surface road connectivity linking village to Ram Nagar, Visakhapatnam",ROADS,1310900.25,2023-12-02,1257713.36,COMPLETED,Rural Development Agency (DRDA),2023-24,2024-04-28,2024-04-25,16.0257,79.7883,
WRK001368,Visakhapatnam,Andhra Pradesh,Visakhapatnam,M. Sribharat,"Installation of piped drinking water supply scheme with solar pump at Station Road, Visakhapatnam",DRINKING_WATER,2628638.47,2023-07-01,2556731.61,COMPLETED,Municipal Corporation Engineering Cell,2023-24,2023-11-02,2023-11-02,16.0982,79.8398,
WRK001369,Visakhapatnam,Andhra Pradesh,Visakhapatnam,M. Sribharat,"Underground storm water drainage and sewage disposal network at Ram Nagar, Visakhapatnam",SANITATION,2299744.31,2023-05-10,2165836.0,COMPLETED,Zilla Parishad Engineering Division,2023-24,2023-10-12,2023-10-08,15.8906,79.7519,
WRK001370,Visakhapatnam,Andhra Pradesh,Visakhapatnam,M. Sribharat,"Construction of Gram Panchayat Bhavan cum civic service centre at Vikas Puri, Visakhapatnam",COMMUNITY_ASSETS,4695951.73,2024-01-26,4513506.02,COMPLETED,Irrigation & Public Health Division,2023-24,2024-05-26,2024-05-16,15.8404,79.7718,
WRK001371,Visakhapatnam,Andhra Pradesh,Visakhapatnam,M. Sribharat,"Supply and erection of 100 kVA distribution transformer for power stabilization at Adarsh Nagar, Visakhapatnam",POWER,3534294.22,2023-09-29,3274834.14,COMPLETED,Public Works Department (PWD),2023-24,2024-01-17,2024-01-07,15.8524,79.6146,
WRK001372,Visakhapatnam,Andhra Pradesh,Visakhapatnam,M. Sribharat,"Construction of drinking water facility and sanitation block in school at Adarsh Nagar, Visakhapatnam",EDUCATION,3346489.83,2023-11-17,3236862.33,COMPLETED,Rural Development Agency (DRDA),2023-24,2024-03-04,2024-02-26,15.7316,79.6375,
WRK001373,Visakhapatnam,Andhra Pradesh,Visakhapatnam,M. Sribharat,"Construction of Gram Panchayat Bhavan cum civic service centre at Ram Nagar, Visakhapatnam",COMMUNITY_ASSETS,4023776.8,2024-11-29,3689192.06,COMPLETED,Municipal Corporation Engineering Cell,2024-25,2025-07-10,2025-07-02,16.0862,79.6656,
WRK001374,Visakhapatnam,Andhra Pradesh,Visakhapatnam,M. Sribharat,"Rooftop solar photovoltaic power system for primary healthcare facility at Ram Nagar, Visakhapatnam",POWER,1451602.16,2024-05-26,1417053.61,COMPLETED,Zilla Parishad Engineering Division,2024-25,2024-12-23,2024-12-10,15.9194,79.5105,
WRK001375,Visakhapatnam,Andhra Pradesh,Visakhapatnam,M. Sribharat,"Construction of additional classrooms in Government High School at Ram Nagar, Visakhapatnam",EDUCATION,888722.9,2024-07-04,822514.97,COMPLETED,Irrigation & Public Health Division,2024-25,2024-11-29,2024-11-19,15.799,79.6137,
WRK001376,Visakhapatnam,Andhra Pradesh,Visakhapatnam,M. Sribharat,"Upgradation of Primary Health Centre with maternal care equipment at Sector 4, Visakhapatnam",HEALTH,4374979.32,2024-10-15,4335074.65,COMPLETED,Public Works Department (PWD),2024-25,2025-05-31,2025-05-21,16.0739,79.7194,
WRK001377,Visakhapatnam,Andhra Pradesh,Visakhapatnam,M. Sribharat,"Construction of reinforced cement concrete culvert and approach road at Model Town, Visakhapatnam",ROADS,3346108.7,2024-12-05,3190622.17,COMPLETED,Rural Development Agency (DRDA),2024-25,2025-07-17,2025-07-09,15.9559,79.7135,
WRK001378,Visakhapatnam,Andhra Pradesh,Visakhapatnam,M. Sribharat,"Installation of piped drinking water supply scheme with solar pump at Kisan Basti, Visakhapatnam",DRINKING_WATER,2148697.08,2024-09-20,2015351.04,COMPLETED,Municipal Corporation Engineering Cell,2024-25,2024-12-19,2024-12-04,15.9093,79.8033,
WRK001379,Visakhapatnam,Andhra Pradesh,Visakhapatnam,M. Sribharat,"Installation of decentralized solid waste segregation and processing unit at Kisan Basti, Visakhapatnam",SANITATION,1855929.47,2024-12-16,1829153.91,COMPLETED,Zilla Parishad Engineering Division,2024-25,2025-05-14,2025-05-12,16.0187,79.7193,
WRK001380,Visakhapatnam,Andhra Pradesh,Visakhapatnam,M. Sribharat,"Construction of Gram Panchayat Bhavan cum civic service centre at Shivaji Nagar, Visakhapatnam",COMMUNITY_ASSETS,3723716.41,2024-07-08,3634954.42,COMPLETED,Irrigation & Public Health Division,2024-25,2024-12-01,2024-11-24,15.8052,79.6689,
WRK001381,Visakhapatnam,Andhra Pradesh,Visakhapatnam,M. Sribharat,"Supply and erection of 100 kVA distribution transformer for power stabilization at Vikas Puri, Visakhapatnam",POWER,2366616.24,2024-08-31,2298073.85,COMPLETED,Public Works Department (PWD),2024-25,2025-02-11,2025-02-11,15.7441,79.6821,
WRK001382,Visakhapatnam,Andhra Pradesh,Visakhapatnam,M. Sribharat,"Construction of additional classrooms in Government High School at Adarsh Nagar, Visakhapatnam",EDUCATION,1194371.11,2024-04-25,1093633.46,COMPLETED,Rural Development Agency (DRDA),2024-25,2024-08-19,2024-08-06,15.8128,79.55,
WRK001383,Visakhapatnam,Andhra Pradesh,Visakhapatnam,M. Sribharat,"Construction of Gram Panchayat Bhavan cum civic service centre at Shivaji Nagar, Visakhapatnam",COMMUNITY_ASSETS,2398972.01,2025-10-08,2356950.91,COMPLETED,Municipal Corporation Engineering Cell,2025-26,2026-04-11,2026-03-31,15.8855,79.8166,
WRK001384,Visakhapatnam,Andhra Pradesh,Visakhapatnam,M. Sribharat,"Installation of integrated solar LED street lighting units across Ram Nagar, Visakhapatnam",POWER,825985.31,2025-11-02,806534.72,COMPLETED,Zilla Parishad Engineering Division,2025-26,2026-04-05,2026-03-28,16.0269,79.8313,
WRK001385,Visakhapatnam,Andhra Pradesh,Visakhapatnam,M. Sribharat,"Setting up of computer lab and digital library in Higher Secondary School at Kisan Basti, Visakhapatnam",EDUCATION,3819717.74,2025-08-20,3703275.12,COMPLETED,Irrigation & Public Health Division,2025-26,2025-12-12,2025-12-06,15.9085,79.8928,
WRK001386,Visakhapatnam,Andhra Pradesh,Visakhapatnam,M. Sribharat,"Construction of Community Health Sub-Centre building at Station Road, Visakhapatnam",HEALTH,3856801.01,2025-05-07,3795449.38,COMPLETED,Public Works Department (PWD),2025-26,2025-12-06,2025-11-27,15.9554,79.5795,
WRK001387,Visakhapatnam,Andhra Pradesh,Visakhapatnam,M. Sribharat,"Construction of CC road and drainage channel from Main Market to Shivaji Nagar, Visakhapatnam",ROADS,1962067.67,2025-11-24,1886500.91,COMPLETED,Rural Development Agency (DRDA),2025-26,2026-03-24,2026-03-24,15.8583,79.5972,
WRK001388,Visakhapatnam,Andhra Pradesh,Visakhapatnam,M. Sribharat,"Installation of community reverse osmosis water purification plant at Model Town, Visakhapatnam",DRINKING_WATER,2172279.9,2025-07-04,2119634.29,COMPLETED,Municipal Corporation Engineering Cell,2025-26,2025-10-25,2025-10-11,15.9744,79.6354,
WRK001389,Visakhapatnam,Andhra Pradesh,Visakhapatnam,M. Sribharat,"Construction of modern community sanitary complex with bio-toilets at Adarsh Nagar, Visakhapatnam",SANITATION,3663911.48,2025-07-03,3454282.32,COMPLETED,Zilla Parishad Engineering Division,2025-26,2025-11-29,2025-11-28,15.8267,79.7233,
WRK001390,Visakhapatnam,Andhra Pradesh,Visakhapatnam,M. Sribharat,"Construction of covered shed and crematorium facility with lighting at Shivaji Nagar, Visakhapatnam",COMMUNITY_ASSETS,3605270.54,2025-04-26,3499863.32,COMPLETED,Irrigation & Public Health Division,2025-26,2025-08-04,2025-07-26,15.8941,79.675,
WRK001391,Visakhapatnam,Andhra Pradesh,Visakhapatnam,M. Sribharat,"Rooftop solar photovoltaic power system for primary healthcare facility at Station Road, Visakhapatnam",POWER,2071841.39,2026-01-19,2031551.29,COMPLETED,Public Works Department (PWD),2025-26,2026-09-07,2026-09-03,15.7641,79.7125,
WRK001392,Visakhapatnam,Andhra Pradesh,Visakhapatnam,M. Sribharat,"Setting up of computer lab and digital library in Higher Secondary School at Sector 4, Visakhapatnam",EDUCATION,2207632.68,2025-12-31,2136244.8,COMPLETED,Rural Development Agency (DRDA),2025-26,2026-07-02,2026-06-29,16.0104,79.5955,
WRK001393,Hyderabad,Telangana,Hyderabad,Asaduddin Owaisi,"Rooftop solar photovoltaic power system for primary healthcare facility at Kisan Basti, Hyderabad",POWER,1196494.91,2024-01-23,1689508.05,COMPLETED,Zilla Parishad Engineering Division,2023-24,2024-07-13,2024-07-13,17.2442,78.5093,COST_OVERRUN
WRK001394,Hyderabad,Telangana,Hyderabad,Asaduddin Owaisi,"Setting up of computer lab and digital library in Higher Secondary School at Shivaji Nagar, Hyderabad",EDUCATION,649630.26,2023-06-05,613451.26,COMPLETED,Irrigation & Public Health Division,2023-24,2024-01-06,2023-12-24,17.4103,78.5805,
WRK001395,Hyderabad,Telangana,Hyderabad,Asaduddin Owaisi,"Upgradation of Primary Health Centre with maternal care equipment at Shivaji Nagar, Hyderabad",HEALTH,4686153.95,2023-12-23,4596002.29,COMPLETED,Public Works Department (PWD),2023-24,2024-04-06,2024-03-23,17.3444,78.5974,
WRK001396,Hyderabad,Telangana,Hyderabad,Asaduddin Owaisi,"Construction of reinforced cement concrete culvert and approach road at Ram Nagar, Hyderabad",ROADS,683736.27,2024-01-11,654699.96,COMPLETED,Rural Development Agency (DRDA),2023-24,2024-06-04,2024-05-26,17.5842,78.3388,
WRK001397,Hyderabad,Telangana,Hyderabad,Asaduddin Owaisi,"Installation of piped drinking water supply scheme with solar pump at Vikas Puri, Hyderabad",DRINKING_WATER,3074604.4,2023-08-21,2901310.69,COMPLETED,Municipal Corporation Engineering Cell,2023-24,2024-04-09,2024-04-08,17.3661,78.3422,
WRK001398,Hyderabad,Telangana,Hyderabad,Asaduddin Owaisi,"Installation of decentralized solid waste segregation and processing unit at Subhash Ward, Hyderabad",SANITATION,1252528.09,2023-06-08,1239604.0,COMPLETED,Zilla Parishad Engineering Division,2023-24,2023-12-01,2023-11-26,17.463,78.5136,
WRK001399,Hyderabad,Telangana,Hyderabad,Asaduddin Owaisi,"Construction of covered shed and crematorium facility with lighting at Adarsh Nagar, Hyderabad",COMMUNITY_ASSETS,2361914.09,2023-10-23,2305834.35,COMPLETED,Irrigation & Public Health Division,2023-24,2024-04-12,2024-04-05,17.4434,78.5253,
WRK001400,Hyderabad,Telangana,Hyderabad,Asaduddin Owaisi,"Supply and erection of 100 kVA distribution transformer for power stabilization at Kisan Basti, Hyderabad",POWER,4819311.91,2023-12-01,4526043.92,COMPLETED,Public Works Department (PWD),2023-24,2024-05-11,2024-05-05,17.4383,78.507,
WRK001401,Hyderabad,Telangana,Hyderabad,Asaduddin Owaisi,"Construction of additional classrooms in Government High School at Shivaji Nagar, Hyderabad",EDUCATION,605893.24,2023-09-24,582099.17,COMPLETED,Rural Development Agency (DRDA),2023-24,2024-03-02,2024-02-19,17.5676,78.5045,
WRK001402,Hyderabad,Telangana,Hyderabad,Asaduddin Owaisi,"Upgradation of Primary Health Centre with maternal care equipment at Kisan Basti, Hyderabad",HEALTH,1205205.99,2023-10-15,1141310.62,COMPLETED,Municipal Corporation Engineering Cell,2023-24,2024-03-16,2024-03-07,17.2932,78.6244,
WRK001403,Hyderabad,Telangana,Hyderabad,Asaduddin Owaisi,"Rooftop solar photovoltaic power system for primary healthcare facility at Adarsh Nagar, Hyderabad",POWER,1286335.56,2024-12-19,1180842.83,COMPLETED,Zilla Parishad Engineering Division,2024-25,2025-08-13,2025-08-10,17.5278,78.3381,
WRK001404,Hyderabad,Telangana,Hyderabad,Asaduddin Owaisi,"Construction of additional classrooms in Government High School at Sector 4, Hyderabad",EDUCATION,2073875.23,2024-10-04,1997523.71,COMPLETED,Irrigation & Public Health Division,2024-25,2025-02-01,2025-01-17,17.5479,78.3907,
WRK001405,Hyderabad,Telangana,Hyderabad,Asaduddin Owaisi,"Supply of mobile health dispensary unit and diagnostic lab at Subhash Ward, Hyderabad",HEALTH,1872033.47,2024-05-13,1813796.04,COMPLETED,Public Works Department (PWD),2024-25,2024-09-18,2024-09-15,17.3307,78.5791,
WRK001406,Hyderabad,Telangana,Hyderabad,Asaduddin Owaisi,"Bituminous surface road connectivity linking village to Model Town, Hyderabad",ROADS,909749.81,2024-12-30,836009.94,COMPLETED,Rural Development Agency (DRDA),2024-25,2025-05-06,2025-05-03,17.2529,78.333,
WRK001407,Hyderabad,Telangana,Hyderabad,Asaduddin Owaisi,"Construction of 50,000 litre overhead water storage tank at Gandhi Chowk, Hyderabad",DRINKING_WATER,2765964.25,2024-11-06,2657279.71,COMPLETED,Municipal Corporation Engineering Cell,2024-25,2025-03-10,2025-03-02,17.3924,78.3792,
WRK001408,Hyderabad,Telangana,Hyderabad,Asaduddin Owaisi,"Construction of modern community sanitary complex with bio-toilets at Gandhi Chowk, Hyderabad",SANITATION,3998775.92,2024-08-30,3719818.03,COMPLETED,Zilla Parishad Engineering Division,2024-25,2024-12-20,2024-12-16,17.245,78.4654,
WRK001409,Hyderabad,Telangana,Hyderabad,Asaduddin Owaisi,"Construction of covered shed and crematorium facility with lighting at Sector 4, Hyderabad",COMMUNITY_ASSETS,1265211.35,2024-09-19,1181301.48,COMPLETED,Irrigation & Public Health Division,2024-25,2025-04-10,2025-04-06,17.4493,78.4762,
WRK001410,Hyderabad,Telangana,Hyderabad,Asaduddin Owaisi,"Installation of integrated solar LED street lighting units across Gandhi Chowk, Hyderabad",POWER,3830623.9,2024-06-12,4922422.47,COMPLETED,Public Works Department (PWD),2024-25,2024-10-17,2024-10-17,17.5475,78.6281,COST_OVERRUN
WRK001411,Hyderabad,Telangana,Hyderabad,Asaduddin Owaisi,"Modern installation of integrated solar led street lighting units across gandhi chowk, hyderabad",POWER,3830623.9,2024-06-12,4922422.47,COMPLETED,Public Works Department (PWD),2024-25,2024-10-17,2024-10-17,17.5475,78.6281,DUPLICATE_WORK
WRK001412,Hyderabad,Telangana,Hyderabad,Asaduddin Owaisi,"Construction of additional classrooms in Government High School at Vikas Puri, Hyderabad",EDUCATION,1422386.16,2024-08-02,1377525.3,COMPLETED,Rural Development Agency (DRDA),2024-25,2025-03-03,2025-02-28,17.4492,78.6969,
WRK001413,Hyderabad,Telangana,Hyderabad,Asaduddin Owaisi,"Supply of mobile health dispensary unit and diagnostic lab at Vikas Puri, Hyderabad",HEALTH,1650248.78,2024-05-08,2319630.75,COMPLETED,Municipal Corporation Engineering Cell,2024-25,2024-10-14,2024-10-14,17.2212,78.5619,COST_OVERRUN
WRK001414,Hyderabad,Telangana,Hyderabad,Asaduddin Owaisi,"Installation of integrated solar LED street lighting units across Ram Nagar, Hyderabad",POWER,1544128.33,2025-10-30,1423750.64,COMPLETED,Zilla Parishad Engineering Division,2025-26,2026-02-22,2026-02-13,17.5615,78.4939,
WRK001415,Hyderabad,Telangana,Hyderabad,Asaduddin Owaisi,"Construction of drinking water facility and sanitation block in school at Kisan Basti, Hyderabad",EDUCATION,688115.67,2025-04-27,648998.39,COMPLETED,Irrigation & Public Health Division,2025-26,2025-11-28,2025-11-22,17.3574,78.3628,
WRK001416,Hyderabad,Telangana,Hyderabad,Asaduddin Owaisi,"Upgradation of Primary Health Centre with maternal care equipment at Vikas Puri, Hyderabad",HEALTH,4159813.47,2025-09-04,3919970.66,COMPLETED,Public Works Department (PWD),2025-26,2025-12-10,2025-12-07,17.5777,78.6796,
WRK001417,Hyderabad,Telangana,Hyderabad,Asaduddin Owaisi,"Construction of reinforced cement concrete culvert and approach road at Station Road, Hyderabad",ROADS,3789758.75,2025-05-30,3562337.68,COMPLETED,Rural Development Agency (DRDA),2025-26,2025-10-25,2025-10-20,17.3669,78.5292,
WRK001418,Hyderabad,Telangana,Hyderabad,Asaduddin Owaisi,"Construction of 50,000 litre overhead water storage tank at Vikas Puri, Hyderabad",DRINKING_WATER,1431880.05,2025-06-22,1370172.38,COMPLETED,Municipal Corporation Engineering Cell,2025-26,2025-11-10,2025-10-30,17.545,78.4236,
WRK001419,Hyderabad,Telangana,Hyderabad,Asaduddin Owaisi,"Underground storm water drainage and sewage disposal network at Station Road, Hyderabad",SANITATION,1934351.01,2025-07-05,1774493.67,COMPLETED,Zilla Parishad Engineering Division,2025-26,2025-11-02,2025-10-28,17.2737,78.6358,
WRK001420,Hyderabad,Telangana,Hyderabad,Asaduddin Owaisi,"Construction of Gram Panchayat Bhavan cum civic service centre at Subhash Ward, Hyderabad",COMMUNITY_ASSETS,2502864.46,2025-09-18,2295366.63,COMPLETED,Irrigation & Public Health Division,2025-26,2026-02-25,2026-02-18,17.2608,78.3752,
WRK001421,Hyderabad,Telangana,Hyderabad,Asaduddin Owaisi,"Rooftop solar photovoltaic power system for primary healthcare facility at Model Town, Hyderabad",POWER,3186008.95,2025-08-12,3069327.56,COMPLETED,Public Works Department (PWD),2025-26,2025-11-30,2025-11-26,17.4753,78.4906,
WRK001422,Hyderabad,Telangana,Hyderabad,Asaduddin Owaisi,"Construction of additional classrooms in Government High School at Subhash Ward, Hyderabad",EDUCATION,2634032.69,2025-12-23,2497177.63,COMPLETED,Rural Development Agency (DRDA),2025-26,2026-07-05,2026-06-26,17.5058,78.306,
WRK001423,Hyderabad,Telangana,Hyderabad,Asaduddin Owaisi,"Upgradation of Primary Health Centre with maternal care equipment at Gandhi Chowk, Hyderabad",HEALTH,4681822.03,2025-07-15,4444006.33,COMPLETED,Municipal Corporation Engineering Cell,2025-26,2026-02-15,2026-02-01,17.4751,78.6467,
WRK001424,Bhubaneswar,Odisha,Khordha,Aparajita Sarangi,"Setting up of computer lab and digital library in Higher Secondary School at Adarsh Nagar, Khordha",EDUCATION,3259222.22,2023-11-03,3114075.41,COMPLETED,Irrigation & Public Health Division,2023-24,2024-06-14,2024-08-23,20.9566,85.1816,DELAYED_PROJECT
WRK001425,Bhubaneswar,Odisha,Khordha,Aparajita Sarangi,"Upgradation of Primary Health Centre with maternal care equipment at Vikas Puri, Khordha",HEALTH,2287628.39,2024-01-16,2173622.85,COMPLETED,Public Works Department (PWD),2023-24,2024-08-25,2024-08-19,21.0061,85.285,
WRK001426,Bhubaneswar,Odisha,Khordha,Aparajita Sarangi,"Bituminous surface road connectivity linking village to Kisan Basti, Khordha",ROADS,2407249.29,2023-07-10,2220050.19,COMPLETED,Rural Development Agency (DRDA),2023-24,2024-02-17,2024-02-05,21.0615,85.0854,
WRK001427,Bhubaneswar,Odisha,Khordha,Aparajita Sarangi,"Installation of piped drinking water supply scheme with solar pump at Model Town, Khordha",DRINKING_WATER,1113074.3,2024-01-20,1097050.34,COMPLETED,Municipal Corporation Engineering Cell,2023-24,2024-06-03,2024-05-21,20.8815,85.2586,
WRK001428,Bhubaneswar,Odisha,Khordha,Aparajita Sarangi,"Underground storm water drainage and sewage disposal network at Adarsh Nagar, Khordha",SANITATION,3734009.32,2023-07-08,3633750.82,COMPLETED,Zilla Parishad Engineering Division,2023-24,2024-01-29,2024-01-19,20.9536,84.9341,
WRK001429,Bhubaneswar,Odisha,Khordha,Aparajita Sarangi,"Construction of Gram Panchayat Bhavan cum civic service centre at Vikas Puri, Khordha",COMMUNITY_ASSETS,699369.31,2023-10-27,642793.72,COMPLETED,Irrigation & Public Health Division,2023-24,2024-03-03,2024-02-26,20.7648,84.9578,
WRK001430,Bhubaneswar,Odisha,Khordha,Aparajita Sarangi,"Supply and erection of 100 kVA distribution transformer for power stabilization at Kisan Basti, Khordha",POWER,3320301.62,2023-09-10,3236900.23,COMPLETED,Public Works Department (PWD),2023-24,2024-01-29,2024-03-30,20.7014,85.2062,DELAYED_PROJECT
WRK001431,Bhubaneswar,Odisha,Khordha,Aparajita Sarangi,"Setting up of computer lab and digital library in Higher Secondary School at Shivaji Nagar, Khordha",EDUCATION,3154689.95,2023-08-05,2956730.11,COMPLETED,Rural Development Agency (DRDA),2023-24,2023-11-23,2023-11-14,20.9405,84.9026,
WRK001432,Bhubaneswar,Odisha,Khordha,Aparajita Sarangi,"Upgradation of Primary Health Centre with maternal care equipment at Station Road, Khordha",HEALTH,751342.81,2023-06-30,742800.63,COMPLETED,Municipal Corporation Engineering Cell,2023-24,2023-10-06,2023-09-22,20.9668,85.2352,
WRK001433,Bhubaneswar,Odisha,Khordha,Aparajita Sarangi,"Construction of CC road and drainage channel from Main Market to Subhash Ward, Khordha",ROADS,1228924.26,2023-07-16,1181386.16,COMPLETED,Zilla Parishad Engineering Division,2023-24,2024-03-08,2024-02-23,21.0149,84.971,
WRK001434,Bhubaneswar,Odisha,Khordha,Aparajita Sarangi,"Setting up of computer lab and digital library in Higher Secondary School at Adarsh Nagar, Khordha",EDUCATION,4547104.55,2024-10-21,4473226.08,COMPLETED,Irrigation & Public Health Division,2024-25,2025-06-08,2025-06-03,20.726,85.0883,
WRK001435,Bhubaneswar,Odisha,Khordha,Aparajita Sarangi,"Supply of mobile health dispensary unit and diagnostic lab at Subhash Ward, Khordha",HEALTH,1446473.61,2025-01-09,1379491.81,COMPLETED,Public Works Department (PWD),2024-25,2025-09-02,2025-08-27,20.9919,85.1516,
WRK001436,Bhubaneswar,Odisha,Khordha,Aparajita Sarangi,"Bituminous surface road connectivity linking village to Model Town, Khordha",ROADS,1674264.14,2024-09-25,1598619.7,COMPLETED,Rural Development Agency (DRDA),2024-25,2025-01-26,2025-01-16,20.9457,85.0986,
WRK001437,Bhubaneswar,Odisha,Khordha,Aparajita Sarangi,"Installation of community reverse osmosis water purification plant at Shivaji Nagar, Khordha",DRINKING_WATER,4906775.14,2024-09-11,4652459.77,COMPLETED,Municipal Corporation Engineering Cell,2024-25,2025-01-09,2024-12-26,20.995,84.9829,
WRK001438,Bhubaneswar,Odisha,Khordha,Aparajita Sarangi,"Underground storm water drainage and sewage disposal network at Adarsh Nagar, Khordha",SANITATION,552929.54,2024-08-02,506201.74,COMPLETED,Zilla Parishad Engineering Division,2024-25,2024-11-17,2024-11-12,20.8231,85.1027,
WRK001439,Bhubaneswar,Odisha,Khordha,Aparajita Sarangi,"Construction of Gram Panchayat Bhavan cum civic service centre at Subhash Ward, Khordha",COMMUNITY_ASSETS,4246213.85,2024-04-30,4048848.31,COMPLETED,Irrigation & Public Health Division,2024-25,2024-11-28,2024-11-27,21.0665,85.2189,
WRK001440,Bhubaneswar,Odisha,Khordha,Aparajita Sarangi,"Rooftop solar photovoltaic power system for primary healthcare facility at Adarsh Nagar, Khordha",POWER,4032149.11,2024-12-08,3862278.05,COMPLETED,Public Works Department (PWD),2024-25,2025-07-19,2025-07-10,20.8197,85.19,
WRK001441,Bhubaneswar,Odisha,Khordha,Aparajita Sarangi,"Construction of drinking water facility and sanitation block in school at Adarsh Nagar, Khordha",EDUCATION,799537.5,2024-10-14,768098.51,COMPLETED,Rural Development Agency (DRDA),2024-25,2025-04-08,2025-04-05,21.0934,85.1506,
WRK001442,Bhubaneswar,Odisha,Khordha,Aparajita Sarangi,"Upgradation of Primary Health Centre with maternal care equipment at Model Town, Khordha",HEALTH,4398211.81,2024-06-14,4332959.49,COMPLETED,Municipal Corporation Engineering Cell,2024-25,2024-12-01,2024-11-27,20.9839,85.0086,
WRK001443,Bhubaneswar,Odisha,Khordha,Aparajita Sarangi,"Bituminous surface road connectivity linking village to Ram Nagar, Khordha",ROADS,2864784.72,2024-08-04,2626992.64,COMPLETED,Zilla Parishad Engineering Division,2024-25,2024-11-11,2024-11-11,21.0111,85.2653,
WRK001444,Bhubaneswar,Odisha,Khordha,Aparajita Sarangi,"Construction of additional classrooms in Government High School at Shivaji Nagar, Khordha",EDUCATION,4663716.42,2025-10-07,4617274.7,COMPLETED,Irrigation & Public Health Division,2025-26,2026-03-29,2026-03-18,20.7573,85.2487,
WRK001445,Bhubaneswar,Odisha,Khordha,Aparajita Sarangi,"Upgradation of Primary Health Centre with maternal care equipment at Sector 4, Khordha",HEALTH,2252807.84,2025-12-07,2077012.39,COMPLETED,Public Works Department (PWD),2025-26,2026-05-25,2026-05-24,21.0729,85.1748,
WRK001446,Bhubaneswar,Odisha,Khordha,Aparajita Sarangi,"Construction of CC road and drainage channel from Main Market to Gandhi Chowk, Khordha",ROADS,3955291.1,2026-01-07,3709767.95,COMPLETED,Rural Development Agency (DRDA),2025-26,2026-06-25,2026-06-20,20.9555,84.9839,
WRK001447,Bhubaneswar,Odisha,Khordha,Aparajita Sarangi,"Construction of 50,000 litre overhead water storage tank at Gandhi Chowk, Khordha",DRINKING_WATER,1174752.0,2025-09-02,1104829.34,COMPLETED,Municipal Corporation Engineering Cell,2025-26,2026-04-23,2026-04-12,20.9056,84.9826,
WRK001448,Bhubaneswar,Odisha,Khordha,Aparajita Sarangi,"Installation of decentralized solid waste segregation and processing unit at Ram Nagar, Khordha",SANITATION,1273920.61,2025-08-19,1234479.61,COMPLETED,Zilla Parishad Engineering Division,2025-26,2026-04-04,2026-03-23,20.8775,84.952,
WRK001449,Bhubaneswar,Odisha,Khordha,Aparajita Sarangi,"Construction of Gram Panchayat Bhavan cum civic service centre at Sector 4, Khordha",COMMUNITY_ASSETS,2420968.2,2025-05-30,2353258.31,COMPLETED,Irrigation & Public Health Division,2025-26,2025-12-20,2025-12-07,20.9465,85.025,
WRK001450,Bhubaneswar,Odisha,Khordha,Aparajita Sarangi,"Supply and erection of 100 kVA distribution transformer for power stabilization at Model Town, Khordha",POWER,926165.95,2025-06-22,881924.6,COMPLETED,Public Works Department (PWD),2025-26,2025-10-14,2025-10-06,20.8822,85.1738,
WRK001451,Bhubaneswar,Odisha,Khordha,Aparajita Sarangi,"Construction of additional classrooms in Government High School at Station Road, Khordha",EDUCATION,4611859.12,2025-08-26,4231017.01,COMPLETED,Rural Development Agency (DRDA),2025-26,2026-02-16,2026-02-16,21.0155,85.253,
WRK001452,Bhubaneswar,Odisha,Khordha,Aparajita Sarangi,"Upgradation of Primary Health Centre with maternal care equipment at Adarsh Nagar, Khordha",HEALTH,2577379.11,2025-12-17,2522585.63,COMPLETED,Municipal Corporation Engineering Cell,2025-26,2026-08-11,2026-08-06,20.751,84.9412,
WRK001453,Bhubaneswar,Odisha,Khordha,Aparajita Sarangi,"Construction of reinforced cement concrete culvert and approach road at Gandhi Chowk, Khordha",ROADS,2901423.15,2025-09-17,2733886.66,COMPLETED,Zilla Parishad Engineering Division,2025-26,2026-02-16,2026-02-14,20.9192,85.2896,
WRK001454,Gandhinagar,Gujarat,Gandhinagar,Amit Shah,"Construction of Community Health Sub-Centre building at Model Town, Gandhinagar",HEALTH,2952809.31,2023-10-08,2728826.41,COMPLETED,Public Works Department (PWD),2023-24,2024-01-25,2024-01-24,23.2957,72.6848,
WRK001455,Gandhinagar,Gujarat,Gandhinagar,Amit Shah,"Bituminous surface road connectivity linking village to Vikas Puri, Gandhinagar",ROADS,4200948.64,2023-06-04,4119405.11,COMPLETED,Rural Development Agency (DRDA),2023-24,2023-09-19,2023-09-14,23.2393,72.6742,
WRK001456,Gandhinagar,Gujarat,Gandhinagar,Amit Shah,"Construction of 50,000 litre overhead water storage tank at Sector 4, Gandhinagar",DRINKING_WATER,1480728.7,2023-06-01,1389397.74,COMPLETED,Municipal Corporation Engineering Cell,2023-24,2023-08-30,2023-08-29,23.3028,72.6644,
WRK001457,Gandhinagar,Gujarat,Gandhinagar,Amit Shah,"Construction of modern community sanitary complex with bio-toilets at Shivaji Nagar, Gandhinagar",SANITATION,1856772.92,2023-09-25,1785506.56,COMPLETED,Zilla Parishad Engineering Division,2023-24,2024-04-13,2024-04-10,23.2871,72.766,
WRK001458,Gandhinagar,Gujarat,Gandhinagar,Amit Shah,"Construction of multipurpose community welfare hall and auditorium at Ram Nagar, Gandhinagar",COMMUNITY_ASSETS,2167036.49,2023-05-17,2132915.14,COMPLETED,Irrigation & Public Health Division,2023-24,2024-01-05,2023-12-28,23.3283,72.5437,
WRK001459,Gandhinagar,Gujarat,Gandhinagar,Amit Shah,"Supply and erection of 100 kVA distribution transformer for power stabilization at Model Town, Gandhinagar",POWER,3320610.62,2023-11-03,3088360.96,COMPLETED,Public Works Department (PWD),2023-24,2024-05-22,2024-05-19,23.218,72.665,
WRK001460,Gandhinagar,Gujarat,Gandhinagar,Amit Shah,"Setting up of computer lab and digital library in Higher Secondary School at Subhash Ward, Gandhinagar",EDUCATION,1806858.26,2023-07-03,1723627.33,COMPLETED,Rural Development Agency (DRDA),2023-24,2023-10-03,2023-10-01,23.0287,72.4063,
WRK001461,Gandhinagar,Gujarat,Gandhinagar,Amit Shah,"Upgradation of Primary Health Centre with maternal care equipment at Gandhi Chowk, Gandhinagar",HEALTH,3394310.06,2023-06-25,3328479.84,COMPLETED,Municipal Corporation Engineering Cell,2023-24,2024-01-09,2024-01-06,23.2493,72.5818,
WRK001462,Gandhinagar,Gujarat,Gandhinagar,Amit Shah,"Bituminous surface road connectivity linking village to Shivaji Nagar, Gandhinagar",ROADS,2411647.41,2023-07-20,2317854.07,COMPLETED,Zilla Parishad Engineering Division,2023-24,2023-12-17,2023-12-03,23.2849,72.5077,
WRK001463,Gandhinagar,Gujarat,Gandhinagar,Amit Shah,"Installation of piped drinking water supply scheme with solar pump at Model Town, Gandhinagar",DRINKING_WATER,3673192.14,2023-12-19,3650027.04,COMPLETED,Irrigation & Public Health Division,2023-24,2024-04-07,2024-03-31,23.0568,72.6925,
WRK001464,Gandhinagar,Gujarat,Gandhinagar,Amit Shah,"Upgradation of Primary Health Centre with maternal care equipment at Vikas Puri, Gandhinagar",HEALTH,1609884.47,2024-05-31,1551998.06,COMPLETED,Public Works Department (PWD),2024-25,2024-09-17,2024-09-12,23.2736,72.6157,
WRK001465,Gandhinagar,Gujarat,Gandhinagar,Amit Shah,"Construction of reinforced cement concrete culvert and approach road at Sector 4, Gandhinagar",ROADS,2552226.08,2024-12-12,2394336.89,COMPLETED,Rural Development Agency (DRDA),2024-25,2025-06-04,2025-05-21,23.1684,72.7842,
WRK001466,Gandhinagar,Gujarat,Gandhinagar,Amit Shah,"Installation of community reverse osmosis water purification plant at Model Town, Gandhinagar",DRINKING_WATER,3777052.9,2024-09-18,3544160.79,COMPLETED,Municipal Corporation Engineering Cell,2024-25,2025-04-17,2025-04-02,23.2313,72.6291,
WRK001467,Gandhinagar,Gujarat,Gandhinagar,Amit Shah,"Underground storm water drainage and sewage disposal network at Kisan Basti, Gandhinagar",SANITATION,1071557.65,2024-05-28,981692.8,COMPLETED,Zilla Parishad Engineering Division,2024-25,2024-10-29,2024-10-17,23.053,72.5124,
WRK001468,Gandhinagar,Gujarat,Gandhinagar,Amit Shah,"Construction of covered shed and crematorium facility with lighting at Station Road, Gandhinagar",COMMUNITY_ASSETS,3469960.88,2024-07-02,3270187.74,COMPLETED,Irrigation & Public Health Division,2024-25,2024-11-29,2024-11-16,23.194,72.7197,
WRK001469,Gandhinagar,Gujarat,Gandhinagar,Amit Shah,"Installation of integrated solar LED street lighting units across Model Town, Gandhinagar",POWER,4276815.99,2024-07-03,3985430.27,COMPLETED,Public Works Department (PWD),2024-25,2025-01-07,2025-01-03,23.0952,72.5761,
WRK001470,Gandhinagar,Gujarat,Gandhinagar,Amit Shah,"Construction of additional classrooms in Government High School at Ram Nagar, Gandhinagar",EDUCATION,741048.15,2024-06-14,700575.11,COMPLETED,Rural Development Agency (DRDA),2024-25,2025-01-11,2025-01-08,23.2985,72.701,
WRK001471,Gandhinagar,Gujarat,Gandhinagar,Amit Shah,"Construction of Community Health Sub-Centre building at Ram Nagar, Gandhinagar",HEALTH,2891393.32,2024-06-29,2866728.75,COMPLETED,Municipal Corporation Engineering Cell,2024-25,2025-01-19,2025-01-07,23.1528,72.5263,
WRK001472,Gandhinagar,Gujarat,Gandhinagar,Amit Shah,"Construction of reinforced cement concrete culvert and approach road at Adarsh Nagar, Gandhinagar",ROADS,3253740.13,2024-11-23,3078989.23,COMPLETED,Zilla Parishad Engineering Division,2024-25,2025-05-01,2025-04-23,23.1068,72.4393,
WRK001473,Gandhinagar,Gujarat,Gandhinagar,Amit Shah,"Installation of community reverse osmosis water purification plant at Model Town, Gandhinagar",DRINKING_WATER,2846595.18,2024-07-24,2607358.53,COMPLETED,Irrigation & Public Health Division,2024-25,2025-01-10,2024-12-29,23.219,72.6691,
WRK001474,Gandhinagar,Gujarat,Gandhinagar,Amit Shah,"Supply of mobile health dispensary unit and diagnostic lab at Kisan Basti, Gandhinagar",HEALTH,1490278.02,2025-10-12,1470185.13,COMPLETED,Public Works Department (PWD),2025-26,2026-01-16,2026-01-07,23.2478,72.4228,
WRK001475,Gandhinagar,Gujarat,Gandhinagar,Amit Shah,"Construction of reinforced cement concrete culvert and approach road at Gandhi Chowk, Gandhinagar",ROADS,894824.84,2025-06-16,831955.38,COMPLETED,Rural Development Agency (DRDA),2025-26,2026-02-05,2026-01-30,23.3213,72.4739,
WRK001476,Gandhinagar,Gujarat,Gandhinagar,Amit Shah,"Construction of 50,000 litre overhead water storage tank at Gandhi Chowk, Gandhinagar",DRINKING_WATER,4654965.61,2025-12-04,4282526.42,COMPLETED,Municipal Corporation Engineering Cell,2025-26,2026-05-25,2026-05-22,23.1029,72.7123,
WRK001477,Gandhinagar,Gujarat,Gandhinagar,Amit Shah,"Underground storm water drainage and sewage disposal network at Sector 4, Gandhinagar",SANITATION,4802946.01,2025-08-26,4642713.27,COMPLETED,Zilla Parishad Engineering Division,2025-26,2026-03-29,2026-03-17,23.3918,72.4803,
WRK001478,Gandhinagar,Gujarat,Gandhinagar,Amit Shah,"Construction of multipurpose community welfare hall and auditorium at Vikas Puri, Gandhinagar",COMMUNITY_ASSETS,1489208.56,2025-11-22,1392481.05,COMPLETED,Irrigation & Public Health Division,2025-26,2026-04-27,2026-04-26,23.0413,72.4292,
WRK001479,Gandhinagar,Gujarat,Gandhinagar,Amit Shah,"Installation of integrated solar LED street lighting units across Kisan Basti, Gandhinagar",POWER,3438002.63,2025-07-01,3303821.58,COMPLETED,Public Works Department (PWD),2025-26,2026-01-06,2026-01-06,23.1066,72.68,
WRK001480,Gandhinagar,Gujarat,Gandhinagar,Amit Shah,"Setting up of computer lab and digital library in Higher Secondary School at Subhash Ward, Gandhinagar",EDUCATION,4306052.47,2025-11-08,4208677.08,COMPLETED,Rural Development Agency (DRDA),2025-26,2026-06-24,2026-06-12,23.0903,72.5538,
WRK001481,Gandhinagar,Gujarat,Gandhinagar,Amit Shah,"Supply of mobile health dispensary unit and diagnostic lab at Vikas Puri, Gandhinagar",HEALTH,2003576.46,2025-10-16,1968102.19,COMPLETED,Municipal Corporation Engineering Cell,2025-26,2026-02-06,2026-01-31,23.1461,72.7413,
WRK001482,Gandhinagar,Gujarat,Gandhinagar,Amit Shah,"Construction of reinforced cement concrete culvert and approach road at Shivaji Nagar, Gandhinagar",ROADS,3004817.69,2025-07-15,2835769.32,COMPLETED,Zilla Parishad Engineering Division,2025-26,2025-12-28,2025-12-15,23.2784,72.7586,
WRK001483,Gandhinagar,Gujarat,Gandhinagar,Amit Shah,"Installation of community reverse osmosis water purification plant at Kisan Basti, Gandhinagar",DRINKING_WATER,1131755.42,2025-07-22,1063418.3,COMPLETED,Irrigation & Public Health Division,2025-26,2025-12-20,2025-12-19,23.1957,72.4252,
WRK001484,Dehradun,Uttarakhand,Dehradun,Mala Rajya Laxmi Shah,"Construction of CC road and drainage channel from Main Market to Sector 4, Dehradun",ROADS,760143.3,2023-10-06,752699.36,COMPLETED,Rural Development Agency (DRDA),2023-24,2024-02-03,2024-01-23,30.1847,78.0615,
WRK001485,Dehradun,Uttarakhand,Dehradun,Mala Rajya Laxmi Shah,"Installation of community reverse osmosis water purification plant at Model Town, Dehradun",DRINKING_WATER,4662136.34,2023-08-13,5602371.3,COMPLETED,Municipal Corporation Engineering Cell,2023-24,2023-11-15,2023-11-15,30.2885,78.1672,COST_OVERRUN
WRK001486,Dehradun,Uttarakhand,Dehradun,Mala Rajya Laxmi Shah,"Installation of community reverse osmosis water purification plant in Model Town, Dehradun",DRINKING_WATER,4662136.34,2023-08-13,5602371.3,COMPLETED,Municipal Corporation Engineering Cell,2023-24,2023-11-15,2023-11-15,30.2885,78.1672,DUPLICATE_WORK
WRK001487,Dehradun,Uttarakhand,Dehradun,Mala Rajya Laxmi Shah,"Underground storm water drainage and sewage disposal network at Gandhi Chowk, Dehradun",SANITATION,3258885.71,2023-12-05,2998333.92,COMPLETED,Zilla Parishad Engineering Division,2023-24,2024-03-31,2024-03-22,30.1457,78.038,
WRK001488,Dehradun,Uttarakhand,Dehradun,Mala Rajya Laxmi Shah,"Construction of Gram Panchayat Bhavan cum civic service centre at Adarsh Nagar, Dehradun",COMMUNITY_ASSETS,1968817.78,2023-11-07,1808648.4,COMPLETED,Irrigation & Public Health Division,2023-24,2024-03-11,2024-03-01,30.2286,78.1859,
WRK001489,Dehradun,Uttarakhand,Dehradun,Mala Rajya Laxmi Shah,"Supply and erection of 100 kVA distribution transformer for power stabilization at Gandhi Chowk, Dehradun",POWER,1740119.27,2023-06-16,1597874.81,COMPLETED,Public Works Department (PWD),2023-24,2023-12-17,2023-12-05,30.3214,77.9755,
WRK001490,Dehradun,Uttarakhand,Dehradun,Mala Rajya Laxmi Shah,"Construction of drinking water facility and sanitation block in school at Model Town, Dehradun",EDUCATION,3999732.58,2023-10-25,3849736.38,COMPLETED,Rural Development Agency (DRDA),2023-24,2024-01-24,2024-01-18,30.1029,78.1705,
WRK001491,Dehradun,Uttarakhand,Dehradun,Mala Rajya Laxmi Shah,"Construction of Community Health Sub-Centre building at Kisan Basti, Dehradun",HEALTH,1434155.14,2023-06-19,1380663.67,COMPLETED,Municipal Corporation Engineering Cell,2023-24,2023-12-31,2023-12-31,30.1957,77.8698,
WRK001492,Dehradun,Uttarakhand,Dehradun,Mala Rajya Laxmi Shah,"Construction of reinforced cement concrete culvert and approach road at Gandhi Chowk, Dehradun",ROADS,2065486.52,2023-09-17,2032476.92,COMPLETED,Zilla Parishad Engineering Division,2023-24,2024-01-15,2024-01-07,30.4946,78.1907,
WRK001493,Dehradun,Uttarakhand,Dehradun,Mala Rajya Laxmi Shah,"Construction of 50,000 litre overhead water storage tank at Shivaji Nagar, Dehradun",DRINKING_WATER,740026.15,2023-09-04,680322.48,COMPLETED,Irrigation & Public Health Division,2023-24,2024-04-02,2024-03-29,30.299,77.8639,
WRK001494,Dehradun,Uttarakhand,Dehradun,Mala Rajya Laxmi Shah,"Underground storm water drainage and sewage disposal network at Shivaji Nagar, Dehradun",SANITATION,1637424.79,2023-11-24,1521283.9,COMPLETED,Public Works Department (PWD),2023-24,2024-06-17,2024-06-02,30.1173,78.0962,
WRK001495,Dehradun,Uttarakhand,Dehradun,Mala Rajya Laxmi Shah,"Construction of CC road and drainage channel from Main Market to Gandhi Chowk, Dehradun",ROADS,3752281.39,2024-08-14,3466397.43,COMPLETED,Rural Development Agency (DRDA),2024-25,2025-01-01,2024-12-24,30.3988,78.1593,
WRK001496,Dehradun,Uttarakhand,Dehradun,Mala Rajya Laxmi Shah,"Installation of piped drinking water supply scheme with solar pump at Shivaji Nagar, Dehradun",DRINKING_WATER,4418305.98,2024-11-13,4119156.68,COMPLETED,Municipal Corporation Engineering Cell,2024-25,2025-06-11,2025-06-10,30.334,77.8217,
WRK001497,Dehradun,Uttarakhand,Dehradun,Mala Rajya Laxmi Shah,"Construction of modern community sanitary complex with bio-toilets at Subhash Ward, Dehradun",SANITATION,1121046.91,2024-10-24,1031107.71,COMPLETED,Zilla Parishad Engineering Division,2024-25,2025-04-01,2025-03-21,30.1809,77.8509,
WRK001498,Dehradun,Uttarakhand,Dehradun,Mala Rajya Laxmi Shah,"Construction of multipurpose community welfare hall and auditorium at Kisan Basti, Dehradun",COMMUNITY_ASSETS,2389634.05,2024-12-06,2303421.42,COMPLETED,Irrigation & Public Health Division,2024-25,2025-05-20,2025-05-10,30.3415,78.1158,
WRK001499,Dehradun,Uttarakhand,Dehradun,Mala Rajya Laxmi Shah,"Rooftop solar photovoltaic power system for primary healthcare facility at Vikas Puri, Dehradun",POWER,897718.17,2024-08-11,873840.14,COMPLETED,Public Works Department (PWD),2024-25,2025-01-03,2024-12-26,30.3366,78.1348,
WRK001500,Dehradun,Uttarakhand,Dehradun,Mala Rajya Laxmi Shah,"Construction of additional classrooms in Government High School at Adarsh Nagar, Dehradun",EDUCATION,3116530.38,2024-11-24,2862651.38,COMPLETED,Rural Development Agency (DRDA),2024-25,2025-04-01,2025-04-01,30.4655,78.1593,
WRK001501,Dehradun,Uttarakhand,Dehradun,Mala Rajya Laxmi Shah,"Supply of mobile health dispensary unit and diagnostic lab at Vikas Puri, Dehradun",HEALTH,2419643.58,2024-05-03,2216378.61,COMPLETED,Municipal Corporation Engineering Cell,2024-25,2024-08-26,2024-08-24,30.281,77.8962,
WRK001502,Dehradun,Uttarakhand,Dehradun,Mala Rajya Laxmi Shah,"Construction of CC road and drainage channel from Main Market to Station Road, Dehradun",ROADS,1837568.01,2024-10-16,1765223.81,COMPLETED,Zilla Parishad Engineering Division,2024-25,2025-05-16,2025-05-01,30.3676,77.8647,
WRK001503,Dehradun,Uttarakhand,Dehradun,Mala Rajya Laxmi Shah,"Construction of 50,000 litre overhead water storage tank at Kisan Basti, Dehradun",DRINKING_WATER,4438009.12,2024-06-25,4355307.93,COMPLETED,Irrigation & Public Health Division,2024-25,2024-12-26,2025-05-20,30.3507,78.0816,DELAYED_PROJECT
WRK001504,Dehradun,Uttarakhand,Dehradun,Mala Rajya Laxmi Shah,"Underground storm water drainage and sewage disposal network at Subhash Ward, Dehradun",SANITATION,3647411.15,2024-09-01,3552070.97,COMPLETED,Public Works Department (PWD),2024-25,2025-01-22,2025-01-08,30.4151,77.8324,
WRK001505,Dehradun,Uttarakhand,Dehradun,Mala Rajya Laxmi Shah,"Construction of reinforced cement concrete culvert and approach road at Adarsh Nagar, Dehradun",ROADS,1003069.05,2025-05-12,962806.52,COMPLETED,Rural Development Agency (DRDA),2025-26,2025-11-11,2025-11-02,30.2466,78.0593,
WRK001506,Dehradun,Uttarakhand,Dehradun,Mala Rajya Laxmi Shah,"Installation of piped drinking water supply scheme with solar pump at Adarsh Nagar, Dehradun",DRINKING_WATER,2934877.79,2025-08-16,2864061.75,COMPLETED,Municipal Corporation Engineering Cell,2025-26,2026-04-11,2026-04-06,30.4485,78.0811,
WRK001507,Dehradun,Uttarakhand,Dehradun,Mala Rajya Laxmi Shah,"Underground storm water drainage and sewage disposal network at Ram Nagar, Dehradun",SANITATION,3563863.86,2025-12-29,3394983.43,COMPLETED,Zilla Parishad Engineering Division,2025-26,2026-06-25,2026-06-19,30.281,78.0006,
WRK001508,Dehradun,Uttarakhand,Dehradun,Mala Rajya Laxmi Shah,"Construction of Gram Panchayat Bhavan cum civic service centre at Model Town, Dehradun",COMMUNITY_ASSETS,4109026.38,2025-10-21,3888185.11,COMPLETED,Irrigation & Public Health Division,2025-26,2026-02-04,2026-01-25,30.1753,78.1536,
WRK001509,Dehradun,Uttarakhand,Dehradun,Mala Rajya Laxmi Shah,"Supply and erection of 100 kVA distribution transformer for power stabilization at Gandhi Chowk, Dehradun",POWER,1242657.06,2025-06-10,1166175.94,COMPLETED,Public Works Department (PWD),2025-26,2025-10-16,2025-10-05,30.45,78.0083,
WRK001510,Dehradun,Uttarakhand,Dehradun,Mala Rajya Laxmi Shah,"Setting up of computer lab and digital library in Higher Secondary School at Adarsh Nagar, Dehradun",EDUCATION,2503852.25,2025-11-17,2395109.04,COMPLETED,Rural Development Agency (DRDA),2025-26,2026-03-03,2026-02-26,30.1088,78.1208,
WRK001511,Dehradun,Uttarakhand,Dehradun,Mala Rajya Laxmi Shah,"Construction of Community Health Sub-Centre building at Model Town, Dehradun",HEALTH,3458811.52,2025-10-08,3201324.93,COMPLETED,Municipal Corporation Engineering Cell,2025-26,2026-05-21,2026-05-15,30.4368,77.9781,
WRK001512,Dehradun,Uttarakhand,Dehradun,Mala Rajya Laxmi Shah,"Construction of CC road and drainage channel from Main Market to Ram Nagar, Dehradun",ROADS,2688803.98,2025-08-10,2593325.68,COMPLETED,Zilla Parishad Engineering Division,2025-26,2025-11-20,2025-11-10,30.1593,77.9138,
WRK001513,Dehradun,Uttarakhand,Dehradun,Mala Rajya Laxmi Shah,"Installation of community reverse osmosis water purification plant at Vikas Puri, Dehradun",DRINKING_WATER,1322098.89,2025-09-09,1270486.81,COMPLETED,Irrigation & Public Health Division,2025-26,2026-01-16,2026-01-15,30.1645,77.8468,
WRK001514,Dehradun,Uttarakhand,Dehradun,Mala Rajya Laxmi Shah,"Underground storm water drainage and sewage disposal network at Adarsh Nagar, Dehradun",SANITATION,1430299.72,2025-07-19,1369785.79,COMPLETED,Public Works Department (PWD),2025-26,2026-01-13,2026-01-01,30.1592,77.9794,
WRK001515,Shimla,Himachal Pradesh,Shimla,Suresh Kumar Kashyap,"Construction of 50,000 litre overhead water storage tank at Kisan Basti, Shimla",DRINKING_WATER,4774335.3,2023-06-29,4549525.48,COMPLETED,Municipal Corporation Engineering Cell,2023-24,2024-02-13,2024-02-07,31.2902,77.0325,
WRK001516,Shimla,Himachal Pradesh,Shimla,Suresh Kumar Kashyap,"Installation of decentralized solid waste segregation and processing unit at Station Road, Shimla",SANITATION,2025292.22,2023-11-28,1918215.82,COMPLETED,Zilla Parishad Engineering Division,2023-24,2024-03-07,2024-02-28,30.9558,77.1204,
WRK001517,Shimla,Himachal Pradesh,Shimla,Suresh Kumar Kashyap,"Construction of Gram Panchayat Bhavan cum civic service centre at Adarsh Nagar, Shimla",COMMUNITY_ASSETS,1974769.39,2023-06-02,1810476.26,COMPLETED,Irrigation & Public Health Division,2023-24,2024-01-12,2024-01-11,30.9889,77.2743,
WRK001518,Shimla,Himachal Pradesh,Shimla,Suresh Kumar Kashyap,"Rooftop solar photovoltaic power system for primary healthcare facility at Gandhi Chowk, Shimla",POWER,2279861.98,2024-01-03,2113057.42,COMPLETED,Public Works Department (PWD),2023-24,2024-08-10,2024-08-08,31.2774,77.2634,
WRK001519,Shimla,Himachal Pradesh,Shimla,Suresh Kumar Kashyap,"Setting up of computer lab and digital library in Higher Secondary School at Subhash Ward, Shimla",EDUCATION,558373.23,2023-10-23,530754.77,COMPLETED,Rural Development Agency (DRDA),2023-24,2024-05-14,2024-05-12,31.2497,76.935,
WRK001520,Shimla,Himachal Pradesh,Shimla,Suresh Kumar Kashyap,"Construction of Community Health Sub-Centre building at Ram Nagar, Shimla",HEALTH,4135233.55,2023-07-08,3852477.46,COMPLETED,Municipal Corporation Engineering Cell,2023-24,2024-01-20,2024-01-20,30.9558,77.1349,
WRK001521,Shimla,Himachal Pradesh,Shimla,Suresh Kumar Kashyap,"Construction of reinforced cement concrete culvert and approach road at Adarsh Nagar, Shimla",ROADS,4705135.99,2023-05-19,4514413.81,COMPLETED,Zilla Parishad Engineering Division,2023-24,2023-08-18,2023-08-07,31.0638,77.2658,
WRK001522,Shimla,Himachal Pradesh,Shimla,Suresh Kumar Kashyap,"Installation of piped drinking water supply scheme with solar pump at Station Road, Shimla",DRINKING_WATER,1807541.38,2023-10-28,1720917.03,COMPLETED,Irrigation & Public Health Division,2023-24,2024-04-12,2024-03-28,31.2338,77.0216,
WRK001523,Shimla,Himachal Pradesh,Shimla,Suresh Kumar Kashyap,"Construction of modern community sanitary complex with bio-toilets at Station Road, Shimla",SANITATION,1857203.83,2023-08-28,1772424.18,COMPLETED,Public Works Department (PWD),2023-24,2023-12-27,2023-12-19,31.1615,77.2571,
WRK001524,Shimla,Himachal Pradesh,Shimla,Suresh Kumar Kashyap,"Construction of multipurpose community welfare hall and auditorium at Gandhi Chowk, Shimla",COMMUNITY_ASSETS,2728434.83,2023-09-04,2633593.57,COMPLETED,Rural Development Agency (DRDA),2023-24,2024-03-04,2024-03-04,31.1324,77.1262,
WRK001525,Shimla,Himachal Pradesh,Shimla,Suresh Kumar Kashyap,"Installation of piped drinking water supply scheme with solar pump at Adarsh Nagar, Shimla",DRINKING_WATER,3798581.66,2025-01-03,3516878.05,COMPLETED,Municipal Corporation Engineering Cell,2024-25,2025-08-29,2025-08-19,30.9234,77.0279,
WRK001526,Shimla,Himachal Pradesh,Shimla,Suresh Kumar Kashyap,"Construction of modern community sanitary complex with bio-toilets at Ram Nagar, Shimla",SANITATION,2396942.3,2024-10-17,2230367.24,COMPLETED,Zilla Parishad Engineering Division,2024-25,2025-03-30,2025-03-20,31.0167,77.1556,
WRK001527,Shimla,Himachal Pradesh,Shimla,Suresh Kumar Kashyap,"Construction of multipurpose community welfare hall and auditorium at Model Town, Shimla",COMMUNITY_ASSETS,2955442.65,2024-07-10,2830585.91,COMPLETED,Irrigation & Public Health Division,2024-25,2024-12-24,2024-12-20,31.0086,77.1792,
WRK001528,Shimla,Himachal Pradesh,Shimla,Suresh Kumar Kashyap,"Installation of integrated solar LED street lighting units across Sector 4, Shimla",POWER,2835561.31,2024-06-25,2708728.44,COMPLETED,Public Works Department (PWD),2024-25,2024-12-19,2024-12-10,31.2684,76.9652,
WRK001529,Shimla,Himachal Pradesh,Shimla,Suresh Kumar Kashyap,"Construction of drinking water facility and sanitation block in school at Model Town, Shimla",EDUCATION,4314468.08,2025-01-10,3993034.05,COMPLETED,Rural Development Agency (DRDA),2024-25,2025-05-09,2025-04-24,31.0669,77.2664,
WRK001530,Shimla,Himachal Pradesh,Shimla,Suresh Kumar Kashyap,"Construction of Community Health Sub-Centre building at Adarsh Nagar, Shimla",HEALTH,3611204.71,2024-09-22,3312560.84,COMPLETED,Municipal Corporation Engineering Cell,2024-25,2025-05-03,2025-04-21,31.2054,77.0368,
WRK001531,Shimla,Himachal Pradesh,Shimla,Suresh Kumar Kashyap,"Construction of CC road and drainage channel from Main Market to Station Road, Shimla",ROADS,3599355.65,2024-06-27,3298825.7,COMPLETED,Zilla Parishad Engineering Division,2024-25,2024-10-15,2024-10-15,31.0699,77.2052,
WRK001532,Shimla,Himachal Pradesh,Shimla,Suresh Kumar Kashyap,"Construction of 50,000 litre overhead water storage tank at Sector 4, Shimla",DRINKING_WATER,993129.19,2024-07-25,1170850.73,COMPLETED,Irrigation & Public Health Division,2024-25,2024-11-07,2024-11-07,31.0876,77.2634,COST_OVERRUN
WRK001533,Shimla,Himachal Pradesh,Shimla,Suresh Kumar Kashyap,"Installation of decentralized solid waste segregation and processing unit at Shivaji Nagar, Shimla",SANITATION,1335098.13,2024-07-27,1275086.47,COMPLETED,Public Works Department (PWD),2024-25,2025-01-04,2024-12-27,31.2795,77.0391,
WRK001534,Shimla,Himachal Pradesh,Shimla,Suresh Kumar Kashyap,"Construction of covered shed and crematorium facility with lighting at Model Town, Shimla",COMMUNITY_ASSETS,951798.54,2024-05-20,928309.51,COMPLETED,Rural Development Agency (DRDA),2024-25,2024-10-12,2024-09-27,31.1863,77.2857,
WRK001535,Shimla,Himachal Pradesh,Shimla,Suresh Kumar Kashyap,"Installation of piped drinking water supply scheme with solar pump at Shivaji Nagar, Shimla",DRINKING_WATER,4335635.56,2025-12-30,4090176.97,COMPLETED,Municipal Corporation Engineering Cell,2025-26,2026-05-16,2026-05-13,31.0759,77.2831,
WRK001536,Shimla,Himachal Pradesh,Shimla,Suresh Kumar Kashyap,"Underground storm water drainage and sewage disposal network at Shivaji Nagar, Shimla",SANITATION,1525212.0,2026-01-04,1439647.66,COMPLETED,Zilla Parishad Engineering Division,2025-26,2026-05-05,2026-04-29,31.0864,77.1079,
WRK001537,Shimla,Himachal Pradesh,Shimla,Suresh Kumar Kashyap,"Construction of covered shed and crematorium facility with lighting at Sector 4, Shimla",COMMUNITY_ASSETS,1977765.15,2025-05-28,1874095.8,COMPLETED,Irrigation & Public Health Division,2025-26,2025-11-13,2025-11-11,31.1748,77.2364,
WRK001538,Shimla,Himachal Pradesh,Shimla,Suresh Kumar Kashyap,"Installation of integrated solar LED street lighting units across Gandhi Chowk, Shimla",POWER,4729606.33,2025-12-15,4583563.15,COMPLETED,Public Works Department (PWD),2025-26,2026-07-18,2026-07-06,31.1688,77.0585,
WRK001539,Shimla,Himachal Pradesh,Shimla,Suresh Kumar Kashyap,"Construction of additional classrooms in Government High School at Subhash Ward, Shimla",EDUCATION,3637444.74,2025-11-07,3501392.91,COMPLETED,Rural Development Agency (DRDA),2025-26,2026-03-20,2026-03-17,30.9259,77.2901,
WRK001540,Shimla,Himachal Pradesh,Shimla,Suresh Kumar Kashyap,"Upgradation of Primary Health Centre with maternal care equipment at Shivaji Nagar, Shimla",HEALTH,3766260.02,2025-11-19,3730322.38,COMPLETED,Municipal Corporation Engineering Cell,2025-26,2026-07-15,2026-07-11,31.1375,77.2025,
WRK001541,Shimla,Himachal Pradesh,Shimla,Suresh Kumar Kashyap,"Bituminous surface road connectivity linking village to Model Town, Shimla",ROADS,4949017.05,2025-11-09,4777136.12,COMPLETED,Zilla Parishad Engineering Division,2025-26,2026-06-03,2026-05-23,30.9432,77.0003,
WRK001542,Shimla,Himachal Pradesh,Shimla,Suresh Kumar Kashyap,"Installation of piped drinking water supply scheme with solar pump at Gandhi Chowk, Shimla",DRINKING_WATER,4241437.17,2025-05-13,4091957.65,COMPLETED,Irrigation & Public Health Division,2025-26,2025-09-25,2025-09-13,31.0531,77.1717,
WRK001543,Shimla,Himachal Pradesh,Shimla,Suresh Kumar Kashyap,"Construction of modern community sanitary complex with bio-toilets at Vikas Puri, Shimla",SANITATION,4069390.95,2025-12-24,3899462.62,COMPLETED,Public Works Department (PWD),2025-26,2026-07-27,2026-07-12,31.1019,77.117,
WRK001544,Shimla,Himachal Pradesh,Shimla,Suresh Kumar Kashyap,"Construction of multipurpose community welfare hall and auditorium at Subhash Ward, Shimla",COMMUNITY_ASSETS,2229548.65,2025-06-15,2179050.71,COMPLETED,Rural Development Agency (DRDA),2025-26,2026-01-08,2025-12-29,30.9144,76.9707,
WRK001545,Srinagar,Jammu and Kashmir,Srinagar,Aga Syed Ruhullah Mehdi,"Construction of modern community sanitary complex with bio-toilets at Ram Nagar, Srinagar",SANITATION,2694730.62,2023-11-01,2649858.28,COMPLETED,Zilla Parishad Engineering Division,2023-24,2024-06-19,2024-06-05,34.1741,74.8289,
WRK001546,Srinagar,Jammu and Kashmir,Srinagar,Aga Syed Ruhullah Mehdi,"Construction of Gram Panchayat Bhavan cum civic service centre at Ram Nagar, Srinagar",COMMUNITY_ASSETS,3163543.53,2023-12-25,4342334.07,COMPLETED,Irrigation & Public Health Division,2023-24,2024-06-04,2024-06-04,34.0282,74.6113,COST_OVERRUN
WRK001547,Srinagar,Jammu and Kashmir,Srinagar,Aga Syed Ruhullah Mehdi,"Construction of Gram Panchayat Bhavan cum civic service centre in Ram Nagar, Srinagar",COMMUNITY_ASSETS,3163543.53,2023-12-25,4342334.07,COMPLETED,Irrigation & Public Health Division,2023-24,2024-06-04,2024-06-04,34.0282,74.6113,DUPLICATE_WORK
WRK001548,Srinagar,Jammu and Kashmir,Srinagar,Aga Syed Ruhullah Mehdi,"Rooftop solar photovoltaic power system for primary healthcare facility at Adarsh Nagar, Srinagar",POWER,941592.15,2023-10-27,885066.45,COMPLETED,Public Works Department (PWD),2023-24,2024-04-23,2024-04-10,33.9226,74.6977,
WRK001549,Srinagar,Jammu and Kashmir,Srinagar,Aga Syed Ruhullah Mehdi,"Construction of drinking water facility and sanitation block in school at Gandhi Chowk, Srinagar",EDUCATION,1016902.01,2023-09-19,1003796.98,COMPLETED,Rural Development Agency (DRDA),2023-24,2023-12-27,2023-12-20,34.0844,74.9453,
WRK001550,Srinagar,Jammu and Kashmir,Srinagar,Aga Syed Ruhullah Mehdi,"Upgradation of Primary Health Centre with maternal care equipment at Kisan Basti, Srinagar",HEALTH,4939781.13,2023-04-27,4601271.1,COMPLETED,Municipal Corporation Engineering Cell,2023-24,2023-12-19,2023-12-19,33.9391,74.7953,
WRK001551,Srinagar,Jammu and Kashmir,Srinagar,Aga Syed Ruhullah Mehdi,"Construction of reinforced cement concrete culvert and approach road at Adarsh Nagar, Srinagar",ROADS,3270422.51,2023-07-10,3214912.79,COMPLETED,Zilla Parishad Engineering Division,2023-24,2024-02-12,2024-02-03,34.1542,74.9896,
WRK001552,Srinagar,Jammu and Kashmir,Srinagar,Aga Syed Ruhullah Mehdi,"Construction of 50,000 litre overhead water storage tank at Ram Nagar, Srinagar",DRINKING_WATER,1843719.3,2023-05-10,1727323.82,COMPLETED,Irrigation & Public Health Division,2023-24,2023-08-31,2023-08-31,34.1871,74.8313,
WRK001553,Srinagar,Jammu and Kashmir,Srinagar,Aga Syed Ruhullah Mehdi,"Underground storm water drainage and sewage disposal network at Shivaji Nagar, Srinagar",SANITATION,4086982.73,2023-10-10,3871124.96,COMPLETED,Public Works Department (PWD),2023-24,2024-03-24,2024-03-23,34.0732,74.816,
WRK001554,Srinagar,Jammu and Kashmir,Srinagar,Aga Syed Ruhullah Mehdi,"Construction of covered shed and crematorium facility with lighting at Vikas Puri, Srinagar",COMMUNITY_ASSETS,4470350.1,2023-07-17,4355804.71,COMPLETED,Rural Development Agency (DRDA),2023-24,2023-12-01,2023-11-30,34.1307,74.6852,
WRK001555,Srinagar,Jammu and Kashmir,Srinagar,Aga Syed Ruhullah Mehdi,"Supply and erection of 100 kVA distribution transformer for power stabilization at Vikas Puri, Srinagar",POWER,4713154.52,2023-11-24,4570932.87,COMPLETED,Municipal Corporation Engineering Cell,2023-24,2024-04-13,2024-04-07,34.0457,74.6591,
WRK001556,Srinagar,Jammu and Kashmir,Srinagar,Aga Syed Ruhullah Mehdi,"Underground storm water drainage and sewage disposal network at Adarsh Nagar, Srinagar",SANITATION,3361148.19,2024-05-18,3184584.64,COMPLETED,Zilla Parishad Engineering Division,2024-25,2024-10-28,2024-10-16,34.1584,74.7026,
WRK001557,Srinagar,Jammu and Kashmir,Srinagar,Aga Syed Ruhullah Mehdi,"Construction of multipurpose community welfare hall and auditorium at Shivaji Nagar, Srinagar",COMMUNITY_ASSETS,1613428.94,2024-04-30,1502359.27,COMPLETED,Irrigation & Public Health Division,2024-25,2024-12-19,2024-12-12,34.2965,74.7688,
WRK001558,Srinagar,Jammu and Kashmir,Srinagar,Aga Syed Ruhullah Mehdi,"Installation of integrated solar LED street lighting units across Sector 4, Srinagar",POWER,4056364.5,2024-08-26,5396911.52,COMPLETED,Public Works Department (PWD),2024-25,2024-12-04,2024-12-04,34.2855,74.7943,COST_OVERRUN
WRK001559,Srinagar,Jammu and Kashmir,Srinagar,Aga Syed Ruhullah Mehdi,"Setting up of computer lab and digital library in Higher Secondary School at Adarsh Nagar, Srinagar",EDUCATION,2294441.86,2024-06-01,2195222.4,COMPLETED,Rural Development Agency (DRDA),2024-25,2024-10-29,2024-10-22,33.9448,74.8938,
WRK001560,Srinagar,Jammu and Kashmir,Srinagar,Aga Syed Ruhullah Mehdi,"Construction of Community Health Sub-Centre building at Gandhi Chowk, Srinagar",HEALTH,3206950.05,2024-08-15,3174367.46,COMPLETED,Municipal Corporation Engineering Cell,2024-25,2025-04-11,2025-04-02,34.1949,74.9223,
WRK001561,Srinagar,Jammu and Kashmir,Srinagar,Aga Syed Ruhullah Mehdi,"Construction of CC road and drainage channel from Main Market to Gandhi Chowk, Srinagar",ROADS,1466307.02,2024-07-14,1354921.8,COMPLETED,Zilla Parishad Engineering Division,2024-25,2025-03-11,2025-03-09,33.9224,74.8134,
WRK001562,Srinagar,Jammu and Kashmir,Srinagar,Aga Syed Ruhullah Mehdi,"Construction of 50,000 litre overhead water storage tank at Shivaji Nagar, Srinagar",DRINKING_WATER,4466826.38,2024-09-05,4303631.68,COMPLETED,Irrigation & Public Health Division,2024-25,2025-03-08,2025-02-22,34.2285,74.6084,
WRK001563,Srinagar,Jammu and Kashmir,Srinagar,Aga Syed Ruhullah Mehdi,"Installation of decentralized solid waste segregation and processing unit at Shivaji Nagar, Srinagar",SANITATION,2990437.97,2024-08-23,2792801.57,COMPLETED,Public Works Department (PWD),2024-25,2025-02-21,2025-02-20,34.2613,74.8741,
WRK001564,Srinagar,Jammu and Kashmir,Srinagar,Aga Syed Ruhullah Mehdi,"Construction of Gram Panchayat Bhavan cum civic service centre at Sector 4, Srinagar",COMMUNITY_ASSETS,4682970.16,2024-11-03,4449325.86,COMPLETED,Rural Development Agency (DRDA),2024-25,2025-04-02,2025-03-28,34.019,74.9438,
WRK001565,Srinagar,Jammu and Kashmir,Srinagar,Aga Syed Ruhullah Mehdi,"Rooftop solar photovoltaic power system for primary healthcare facility at Subhash Ward, Srinagar",POWER,1734058.01,2024-05-03,1686182.2,COMPLETED,Municipal Corporation Engineering Cell,2024-25,2024-12-04,2024-11-22,34.0884,74.7652,
WRK001566,Srinagar,Jammu and Kashmir,Srinagar,Aga Syed Ruhullah Mehdi,"Installation of decentralized solid waste segregation and processing unit at Ram Nagar, Srinagar",SANITATION,802919.48,2025-12-31,764865.06,COMPLETED,Zilla Parishad Engineering Division,2025-26,2026-08-18,2027-02-07,34.1951,74.7813,DELAYED_PROJECT
WRK001567,Srinagar,Jammu and Kashmir,Srinagar,Aga Syed Ruhullah Mehdi,"Construction of multipurpose community welfare hall and auditorium at Sector 4, Srinagar",COMMUNITY_ASSETS,1403464.12,2025-11-07,1377429.45,COMPLETED,Irrigation & Public Health Division,2025-26,2026-03-05,2026-02-22,33.9631,74.8065,
WRK001568,Srinagar,Jammu and Kashmir,Srinagar,Aga Syed Ruhullah Mehdi,"Rooftop solar photovoltaic power system for primary healthcare facility at Subhash Ward, Srinagar",POWER,2540451.52,2025-09-26,2364888.78,COMPLETED,Public Works Department (PWD),2025-26,2026-02-07,2026-02-05,34.175,74.9307,
WRK001569,Srinagar,Jammu and Kashmir,Srinagar,Aga Syed Ruhullah Mehdi,"Setting up of computer lab and digital library in Higher Secondary School at Station Road, Srinagar",EDUCATION,4453208.1,2025-11-03,4292715.61,COMPLETED,Rural Development Agency (DRDA),2025-26,2026-03-30,2026-03-22,33.9083,74.6092,
WRK001570,Srinagar,Jammu and Kashmir,Srinagar,Aga Syed Ruhullah Mehdi,"Upgradation of Primary Health Centre with maternal care equipment at Kisan Basti, Srinagar",HEALTH,1686556.56,2025-07-26,1566153.0,COMPLETED,Municipal Corporation Engineering Cell,2025-26,2026-02-10,2026-01-29,34.1402,74.6597,
WRK001571,Srinagar,Jammu and Kashmir,Srinagar,Aga Syed Ruhullah Mehdi,"Construction of CC road and drainage channel from Main Market to Vikas Puri, Srinagar",ROADS,3989406.86,2025-11-24,3925396.58,COMPLETED,Zilla Parishad Engineering Division,2025-26,2026-06-28,2026-06-21,33.9474,74.8854,
WRK001572,Srinagar,Jammu and Kashmir,Srinagar,Aga Syed Ruhullah Mehdi,"Construction of 50,000 litre overhead water storage tank at Kisan Basti, Srinagar",DRINKING_WATER,1094474.48,2025-10-28,1070830.64,COMPLETED,Irrigation & Public Health Division,2025-26,2026-04-08,2026-03-24,34.1907,74.6757,
WRK001573,Srinagar,Jammu and Kashmir,Srinagar,Aga Syed Ruhullah Mehdi,"Underground storm water drainage and sewage disposal network at Ram Nagar, Srinagar",SANITATION,3288643.09,2025-08-14,3265464.52,COMPLETED,Public Works Department (PWD),2025-26,2026-03-09,2026-03-06,33.9343,74.7876,
WRK001574,Srinagar,Jammu and Kashmir,Srinagar,Aga Syed Ruhullah Mehdi,"Construction of covered shed and crematorium facility with lighting at Shivaji Nagar, Srinagar",COMMUNITY_ASSETS,3695426.2,2025-10-29,3520538.65,COMPLETED,Rural Development Agency (DRDA),2025-26,2026-02-20,2026-02-16,34.1228,74.6208,
WRK001575,Srinagar,Jammu and Kashmir,Srinagar,Aga Syed Ruhullah Mehdi,"Rooftop solar photovoltaic power system for primary healthcare facility at Model Town, Srinagar",POWER,529219.27,2025-05-09,485976.76,COMPLETED,Municipal Corporation Engineering Cell,2025-26,2025-11-16,2025-11-06,34.1685,74.6529,
WRK001576,Thiruvananthapuram,Kerala,Thiruvananthapuram,Shashi Tharoor,"Construction of covered shed and crematorium facility with lighting at Kisan Basti, Thiruvananthapuram",COMMUNITY_ASSETS,4451941.57,2023-10-06,4422030.44,COMPLETED,Irrigation & Public Health Division,2023-24,2024-05-18,2024-05-18,8.4732,76.8042,
WRK001577,Thiruvananthapuram,Kerala,Thiruvananthapuram,Shashi Tharoor,"Supply and erection of 100 kVA distribution transformer for power stabilization at Adarsh Nagar, Thiruvananthapuram",POWER,1781946.2,2023-11-22,1735525.68,COMPLETED,Public Works Department (PWD),2023-24,2024-04-27,2024-04-27,8.5068,76.8743,
WRK001578,Thiruvananthapuram,Kerala,Thiruvananthapuram,Shashi Tharoor,"Construction of additional classrooms in Government High School at Vikas Puri, Thiruvananthapuram",EDUCATION,741071.28,2023-11-27,684958.79,COMPLETED,Rural Development Agency (DRDA),2023-24,2024-03-05,2024-03-05,8.4881,76.7654,
WRK001579,Thiruvananthapuram,Kerala,Thiruvananthapuram,Shashi Tharoor,"Upgradation of Primary Health Centre with maternal care equipment at Kisan Basti, Thiruvananthapuram",HEALTH,4955335.99,2023-10-15,4571229.22,COMPLETED,Municipal Corporation Engineering Cell,2023-24,2024-02-10,2024-02-04,8.6383,77.0468,
WRK001580,Thiruvananthapuram,Kerala,Thiruvananthapuram,Shashi Tharoor,"Construction of CC road and drainage channel from Main Market to Station Road, Thiruvananthapuram",ROADS,4207249.15,2024-01-01,4041748.69,COMPLETED,Zilla Parishad Engineering Division,2023-24,2024-05-24,2024-05-22,8.5334,77.0887,
WRK001581,Thiruvananthapuram,Kerala,Thiruvananthapuram,Shashi Tharoor,"Installation of piped drinking water supply scheme with solar pump at Shivaji Nagar, Thiruvananthapuram",DRINKING_WATER,3554972.4,2023-12-27,3490834.22,COMPLETED,Irrigation & Public Health Division,2023-24,2024-04-26,2024-04-15,8.4577,76.9361,
WRK001582,Thiruvananthapuram,Kerala,Thiruvananthapuram,Shashi Tharoor,"Construction of modern community sanitary complex with bio-toilets at Gandhi Chowk, Thiruvananthapuram",SANITATION,4244775.75,2023-12-07,4106794.31,COMPLETED,Public Works Department (PWD),2023-24,2024-05-13,2024-05-12,8.5377,76.7023,
WRK001583,Thiruvananthapuram,Kerala,Thiruvananthapuram,Shashi Tharoor,"Construction of Gram Panchayat Bhavan cum civic service centre at Model Town, Thiruvananthapuram",COMMUNITY_ASSETS,1451733.42,2023-06-21,1398285.42,COMPLETED,Rural Development Agency (DRDA),2023-24,2023-12-10,2023-11-27,8.6193,76.9975,
WRK001584,Thiruvananthapuram,Kerala,Thiruvananthapuram,Shashi Tharoor,"Supply and erection of 100 kVA distribution transformer for power stabilization at Ram Nagar, Thiruvananthapuram",POWER,1588091.92,2023-07-16,1489304.46,COMPLETED,Municipal Corporation Engineering Cell,2023-24,2023-10-19,2023-10-08,8.6409,76.7652,
WRK001585,Thiruvananthapuram,Kerala,Thiruvananthapuram,Shashi Tharoor,"Construction of additional classrooms in Government High School at Ram Nagar, Thiruvananthapuram",EDUCATION,4112337.39,2023-12-23,3828543.76,COMPLETED,Zilla Parishad Engineering Division,2023-24,2024-04-24,2024-04-23,8.4436,76.7384,
WRK001586,Thiruvananthapuram,Kerala,Thiruvananthapuram,Shashi Tharoor,"Construction of Gram Panchayat Bhavan cum civic service centre at Ram Nagar, Thiruvananthapuram",COMMUNITY_ASSETS,910283.63,2024-11-18,880323.69,COMPLETED,Irrigation & Public Health Division,2024-25,2025-04-04,2025-07-30,8.4736,76.8704,DELAYED_PROJECT
WRK001587,Thiruvananthapuram,Kerala,Thiruvananthapuram,Shashi Tharoor,"Rooftop solar photovoltaic power system for primary healthcare facility at Station Road, Thiruvananthapuram",POWER,2879261.17,2024-12-25,2668754.13,COMPLETED,Public Works Department (PWD),2024-25,2025-07-22,2025-07-11,8.4749,77.0629,
WRK001588,Thiruvananthapuram,Kerala,Thiruvananthapuram,Shashi Tharoor,"Construction of drinking water facility and sanitation block in school at Ram Nagar, Thiruvananthapuram",EDUCATION,2856939.28,2024-08-21,2708497.15,COMPLETED,Rural Development Agency (DRDA),2024-25,2024-12-08,2024-12-07,8.6669,76.9054,
WRK001589,Thiruvananthapuram,Kerala,Thiruvananthapuram,Shashi Tharoor,"Supply of mobile health dispensary unit and diagnostic lab at Model Town, Thiruvananthapuram",HEALTH,2105456.67,2024-08-23,1957183.36,COMPLETED,Municipal Corporation Engineering Cell,2024-25,2024-11-25,2024-11-22,8.3456,76.9646,
WRK001590,Thiruvananthapuram,Kerala,Thiruvananthapuram,Shashi Tharoor,"Construction of CC road and drainage channel from Main Market to Gandhi Chowk, Thiruvananthapuram",ROADS,4448446.06,2024-11-15,4191800.75,COMPLETED,Zilla Parishad Engineering Division,2024-25,2025-06-09,2025-05-30,8.6029,76.88,
WRK001591,Thiruvananthapuram,Kerala,Thiruvananthapuram,Shashi Tharoor,"Installation of piped drinking water supply scheme with solar pump at Station Road, Thiruvananthapuram",DRINKING_WATER,3867712.33,2024-05-26,3543073.45,COMPLETED,Irrigation & Public Health Division,2024-25,2024-09-20,2024-09-20,8.4735,76.7072,
WRK001592,Thiruvananthapuram,Kerala,Thiruvananthapuram,Shashi Tharoor,"Underground storm water drainage and sewage disposal network at Subhash Ward, Thiruvananthapuram",SANITATION,1870749.74,2024-12-21,1740291.45,COMPLETED,Public Works Department (PWD),2024-25,2025-06-30,2025-06-15,8.6219,76.7351,
WRK001593,Thiruvananthapuram,Kerala,Thiruvananthapuram,Shashi Tharoor,"Construction of covered shed and crematorium facility with lighting at Shivaji Nagar, Thiruvananthapuram",COMMUNITY_ASSETS,1448054.03,2024-04-29,1334942.89,COMPLETED,Rural Development Agency (DRDA),2024-25,2024-11-16,2024-11-15,8.6368,77.0433,
WRK001594,Thiruvananthapuram,Kerala,Thiruvananthapuram,Shashi Tharoor,"Installation of integrated solar LED street lighting units across Kisan Basti, Thiruvananthapuram",POWER,599920.16,2024-11-18,577014.07,COMPLETED,Municipal Corporation Engineering Cell,2024-25,2025-06-09,2025-05-31,8.6855,76.8886,
WRK001595,Thiruvananthapuram,Kerala,Thiruvananthapuram,Shashi Tharoor,"Setting up of computer lab and digital library in Higher Secondary School at Model Town, Thiruvananthapuram",EDUCATION,729328.39,2024-11-02,702100.49,COMPLETED,Zilla Parishad Engineering Division,2024-25,2025-05-21,2025-05-15,8.6918,77.0394,
WRK001596,Thiruvananthapuram,Kerala,Thiruvananthapuram,Shashi Tharoor,"Construction of Gram Panchayat Bhavan cum civic service centre at Kisan Basti, Thiruvananthapuram",COMMUNITY_ASSETS,3165830.61,2026-01-03,3098778.85,COMPLETED,Irrigation & Public Health Division,2025-26,2026-08-05,2026-12-11,8.3928,76.7243,DELAYED_PROJECT
WRK001597,Thiruvananthapuram,Kerala,Thiruvananthapuram,Shashi Tharoor,"Supply and erection of 100 kVA distribution transformer for power stabilization at Kisan Basti, Thiruvananthapuram",POWER,2735944.76,2025-06-14,2578649.25,COMPLETED,Public Works Department (PWD),2025-26,2026-01-01,2025-12-24,8.3083,76.8152,
WRK001598,Thiruvananthapuram,Kerala,Thiruvananthapuram,Shashi Tharoor,"Construction of drinking water facility and sanitation block in school at Shivaji Nagar, Thiruvananthapuram",EDUCATION,4656359.24,2025-10-06,4618103.85,COMPLETED,Rural Development Agency (DRDA),2025-26,2026-05-03,2026-04-29,8.3525,76.8174,
WRK001599,Thiruvananthapuram,Kerala,Thiruvananthapuram,Shashi Tharoor,"Construction of Community Health Sub-Centre building at Station Road, Thiruvananthapuram",HEALTH,1778575.01,2025-07-31,1740297.58,COMPLETED,Municipal Corporation Engineering Cell,2025-26,2025-12-01,2025-12-01,8.3693,76.7625,
WRK001600,Thiruvananthapuram,Kerala,Thiruvananthapuram,Shashi Tharoor,"Bituminous surface road connectivity linking village to Shivaji Nagar, Thiruvananthapuram",ROADS,3015729.35,2025-08-01,2975187.69,COMPLETED,Zilla Parishad Engineering Division,2025-26,2026-01-04,2025-12-21,8.4428,76.7634,
WRK001601,Thiruvananthapuram,Kerala,Thiruvananthapuram,Shashi Tharoor,"Installation of piped drinking water supply scheme with solar pump at Adarsh Nagar, Thiruvananthapuram",DRINKING_WATER,1015206.39,2025-11-22,932704.74,COMPLETED,Irrigation & Public Health Division,2025-26,2026-06-24,2026-06-17,8.4031,76.8361,
WRK001602,Thiruvananthapuram,Kerala,Thiruvananthapuram,Shashi Tharoor,"Construction of modern community sanitary complex with bio-toilets at Vikas Puri, Thiruvananthapuram",SANITATION,3688095.3,2025-06-08,3605231.88,COMPLETED,Public Works Department (PWD),2025-26,2026-01-01,2025-12-20,8.6851,77.0023,
WRK001603,Thiruvananthapuram,Kerala,Thiruvananthapuram,Shashi Tharoor,"Construction of covered shed and crematorium facility with lighting at Sector 4, Thiruvananthapuram",COMMUNITY_ASSETS,980686.39,2025-12-31,937018.12,COMPLETED,Rural Development Agency (DRDA),2025-26,2026-07-01,2026-06-19,8.3628,76.8168,
WRK001604,Thiruvananthapuram,Kerala,Thiruvananthapuram,Shashi Tharoor,"Installation of integrated solar LED street lighting units across Adarsh Nagar, Thiruvananthapuram",POWER,4187541.14,2025-10-04,3990278.92,COMPLETED,Municipal Corporation Engineering Cell,2025-26,2026-04-18,2026-04-12,8.6077,76.7026,
WRK001605,Thiruvananthapuram,Kerala,Thiruvananthapuram,Shashi Tharoor,"Construction of drinking water facility and sanitation block in school at Station Road, Thiruvananthapuram",EDUCATION,1704250.51,2025-05-29,1590499.56,COMPLETED,Zilla Parishad Engineering Division,2025-26,2025-10-28,2025-10-26,8.3606,77.0014,
WRK001606,Chennai Central,Tamil Nadu,Chennai,Dayanidhi Maran,"Supply and erection of 100 kVA distribution transformer for power stabilization at Kisan Basti, Chennai",POWER,4079414.29,2024-01-05,3755372.12,COMPLETED,Public Works Department (PWD),2023-24,2024-05-11,2024-05-06,13.1081,80.2871,
WRK001607,Chennai Central,Tamil Nadu,Chennai,Dayanidhi Maran,"Setting up of computer lab and digital library in Higher Secondary School at Subhash Ward, Chennai",EDUCATION,2457318.24,2023-07-09,2388684.26,COMPLETED,Rural Development Agency (DRDA),2023-24,2023-11-14,2023-11-08,13.161,80.0231,
WRK001608,Chennai Central,Tamil Nadu,Chennai,Dayanidhi Maran,"Construction of Community Health Sub-Centre building at Subhash Ward, Chennai",HEALTH,4438201.59,2024-01-24,4387766.08,COMPLETED,Municipal Corporation Engineering Cell,2023-24,2024-07-20,2024-07-17,12.8032,80.1119,
WRK001609,Chennai Central,Tamil Nadu,Chennai,Dayanidhi Maran,"Bituminous surface road connectivity linking village to Shivaji Nagar, Chennai",ROADS,3315838.44,2024-01-19,3086328.24,COMPLETED,Zilla Parishad Engineering Division,2023-24,2024-07-15,2024-07-09,13.1551,80.3126,
WRK001610,Chennai Central,Tamil Nadu,Chennai,Dayanidhi Maran,"Installation of piped drinking water supply scheme with solar pump at Sector 4, Chennai",DRINKING_WATER,2012496.65,2024-01-16,1923813.43,COMPLETED,Irrigation & Public Health Division,2023-24,2024-05-17,2024-05-11,13.0082,80.2163,
WRK001611,Chennai Central,Tamil Nadu,Chennai,Dayanidhi Maran,"Installation of decentralized solid waste segregation and processing unit at Adarsh Nagar, Chennai",SANITATION,614311.65,2023-07-06,610598.98,COMPLETED,Public Works Department (PWD),2023-24,2023-12-09,2023-11-27,12.8965,80.3097,
WRK001612,Chennai Central,Tamil Nadu,Chennai,Dayanidhi Maran,"Construction of covered shed and crematorium facility with lighting at Sector 4, Chennai",COMMUNITY_ASSETS,1674027.92,2023-10-23,2299658.06,COMPLETED,Rural Development Agency (DRDA),2023-24,2024-02-21,2024-02-21,12.9795,80.229,COST_OVERRUN
WRK001613,Chennai Central,Tamil Nadu,Chennai,Dayanidhi Maran,"Rooftop solar photovoltaic power system for primary healthcare facility at Vikas Puri, Chennai",POWER,2079434.51,2023-08-13,1943877.56,COMPLETED,Municipal Corporation Engineering Cell,2023-24,2024-04-05,2024-03-31,13.069,80.2857,
WRK001614,Chennai Central,Tamil Nadu,Chennai,Dayanidhi Maran,"Construction of drinking water facility and sanitation block in school at Model Town, Chennai",EDUCATION,4206468.54,2023-07-23,4147917.63,COMPLETED,Zilla Parishad Engineering Division,2023-24,2024-02-06,2024-02-06,13.1314,80.0328,
WRK001615,Chennai Central,Tamil Nadu,Chennai,Dayanidhi Maran,"Upgradation of Primary Health Centre with maternal care equipment at Kisan Basti, Chennai",HEALTH,2167133.96,2023-05-25,2093271.3,COMPLETED,Irrigation & Public Health Division,2023-24,2024-01-02,2024-01-01,13.1115,80.3488,
WRK001616,Chennai Central,Tamil Nadu,Chennai,Dayanidhi Maran,"Supply and erection of 100 kVA distribution transformer for power stabilization at Subhash Ward, Chennai",POWER,1150916.93,2024-07-08,1117031.24,COMPLETED,Public Works Department (PWD),2024-25,2024-11-08,2024-11-07,13.1872,80.2053,
WRK001617,Chennai Central,Tamil Nadu,Chennai,Dayanidhi Maran,"Setting up of computer lab and digital library in Higher Secondary School at Sector 4, Chennai",EDUCATION,4752069.99,2024-07-05,4546886.06,COMPLETED,Rural Development Agency (DRDA),2024-25,2025-01-15,2025-01-03,12.8441,80.1478,
WRK001618,Chennai Central,Tamil Nadu,Chennai,Dayanidhi Maran,"Construction of Community Health Sub-Centre building at Ram Nagar, Chennai",HEALTH,1869581.34,2024-10-24,1756309.23,COMPLETED,Municipal Corporation Engineering Cell,2024-25,2025-02-27,2025-02-21,13.1135,80.1687,
WRK001619,Chennai Central,Tamil Nadu,Chennai,Dayanidhi Maran,"Construction of CC road and drainage channel from Main Market to Station Road, Chennai",ROADS,514906.03,2024-12-22,508224.09,COMPLETED,Zilla Parishad Engineering Division,2024-25,2025-04-02,2025-03-30,12.967,80.2292,
WRK001620,Chennai Central,Tamil Nadu,Chennai,Dayanidhi Maran,"Construction of 50,000 litre overhead water storage tank at Model Town, Chennai",DRINKING_WATER,3933877.66,2024-06-22,3627606.4,COMPLETED,Irrigation & Public Health Division,2024-25,2025-01-13,2025-01-11,13.0669,80.0596,
WRK001621,Chennai Central,Tamil Nadu,Chennai,Dayanidhi Maran,"Underground storm water drainage and sewage disposal network at Shivaji Nagar, Chennai",SANITATION,2026044.71,2024-11-04,1968457.81,COMPLETED,Public Works Department (PWD),2024-25,2025-05-26,2025-05-20,13.0944,80.2584,
WRK001622,Chennai Central,Tamil Nadu,Chennai,Dayanidhi Maran,"Construction of covered shed and crematorium facility with lighting at Gandhi Chowk, Chennai",COMMUNITY_ASSETS,1372145.43,2024-05-29,1310688.55,COMPLETED,Rural Development Agency (DRDA),2024-25,2024-09-09,2024-08-25,13.1829,80.2087,
WRK001623,Chennai Central,Tamil Nadu,Chennai,Dayanidhi Maran,"Installation of integrated solar LED street lighting units across Vikas Puri, Chennai",POWER,4833517.51,2024-07-17,4578036.28,COMPLETED,Municipal Corporation Engineering Cell,2024-25,2025-03-12,2025-02-26,12.9777,80.3228,
WRK001624,Chennai Central,Tamil Nadu,Chennai,Dayanidhi Maran,"Setting up of computer lab and digital library in Higher Secondary School at Sector 4, Chennai",EDUCATION,2470786.71,2024-10-07,2367859.52,COMPLETED,Zilla Parishad Engineering Division,2024-25,2025-03-27,2025-03-21,12.9528,80.0364,
WRK001625,Chennai Central,Tamil Nadu,Chennai,Dayanidhi Maran,"Upgradation of Primary Health Centre with maternal care equipment at Station Road, Chennai",HEALTH,3958998.76,2024-08-24,3848400.37,COMPLETED,Irrigation & Public Health Division,2024-25,2025-01-04,2024-12-29,12.8236,80.3844,
WRK001626,Chennai Central,Tamil Nadu,Chennai,Dayanidhi Maran,"Supply and erection of 100 kVA distribution transformer for power stabilization at Station Road, Chennai",POWER,4521203.82,2025-11-13,4222439.46,COMPLETED,Public Works Department (PWD),2025-26,2026-03-13,2026-03-10,12.8208,80.0958,
WRK001627,Chennai Central,Tamil Nadu,Chennai,Dayanidhi Maran,"Construction of additional classrooms in Government High School at Ram Nagar, Chennai",EDUCATION,1938089.42,2025-05-17,1815084.27,COMPLETED,Rural Development Agency (DRDA),2025-26,2025-08-22,2025-08-10,12.963,80.0935,
WRK001628,Chennai Central,Tamil Nadu,Chennai,Dayanidhi Maran,"Upgradation of Primary Health Centre with maternal care equipment at Vikas Puri, Chennai",HEALTH,1874884.25,2025-06-19,1863306.27,COMPLETED,Municipal Corporation Engineering Cell,2025-26,2026-01-23,2026-01-15,12.8814,80.3872,
WRK001629,Chennai Central,Tamil Nadu,Chennai,Dayanidhi Maran,"Construction of reinforced cement concrete culvert and approach road at Subhash Ward, Chennai",ROADS,2532949.38,2026-01-25,2504440.67,COMPLETED,Zilla Parishad Engineering Division,2025-26,2026-07-08,2026-07-01,13.0612,80.067,
WRK001630,Chennai Central,Tamil Nadu,Chennai,Dayanidhi Maran,"Installation of community reverse osmosis water purification plant at Ram Nagar, Chennai",DRINKING_WATER,5005027.92,2025-10-27,4607602.76,COMPLETED,Irrigation & Public Health Division,2025-26,2026-06-04,2026-05-22,12.9125,80.0646,
WRK001631,Chennai Central,Tamil Nadu,Chennai,Dayanidhi Maran,"Underground storm water drainage and sewage disposal network at Gandhi Chowk, Chennai",SANITATION,3772820.23,2025-06-26,3658006.07,COMPLETED,Public Works Department (PWD),2025-26,2025-11-16,2025-11-11,13.0442,80.383,
WRK001632,Chennai Central,Tamil Nadu,Chennai,Dayanidhi Maran,"Construction of covered shed and crematorium facility with lighting at Ram Nagar, Chennai",COMMUNITY_ASSETS,1735215.33,2025-12-03,1708479.57,COMPLETED,Rural Development Agency (DRDA),2025-26,2026-04-25,2026-06-24,12.9839,80.2398,DELAYED_PROJECT
WRK001633,Chennai Central,Tamil Nadu,Chennai,Dayanidhi Maran,"Installation of integrated solar LED street lighting units across Sector 4, Chennai",POWER,2368196.61,2025-07-13,2181587.1,COMPLETED,Municipal Corporation Engineering Cell,2025-26,2026-01-19,2026-01-04,13.0153,80.3149,
WRK001634,Chennai Central,Tamil Nadu,Chennai,Dayanidhi Maran,"Construction of drinking water facility and sanitation block in school at Kisan Basti, Chennai",EDUCATION,2096622.85,2025-06-18,2083421.76,COMPLETED,Zilla Parishad Engineering Division,2025-26,2025-12-16,2025-12-04,12.9547,80.3357,
WRK001635,Chennai Central,Tamil Nadu,Chennai,Dayanidhi Maran,"Construction of Community Health Sub-Centre building at Adarsh Nagar, Chennai",HEALTH,2502892.31,2025-07-23,2453591.5,COMPLETED,Irrigation & Public Health Division,2025-26,2025-12-31,2025-12-25,13.0722,80.2837,
WRK001636,New Delhi,Delhi,New Delhi,Bansuri Swaraj,"Construction of additional classrooms in Government High School at Shivaji Nagar, New Delhi",EDUCATION,4853299.02,2023-12-24,4483845.14,COMPLETED,Rural Development Agency (DRDA),2023-24,2024-05-15,2024-05-08,28.4029,77.3937,
WRK001637,New Delhi,Delhi,New Delhi,Bansuri Swaraj,"Supply of mobile health dispensary unit and diagnostic lab at Vikas Puri, New Delhi",HEALTH,1269165.8,2023-12-24,1174225.18,COMPLETED,Municipal Corporation Engineering Cell,2023-24,2024-08-14,2024-08-06,28.4702,77.2353,
WRK001638,New Delhi,Delhi,New Delhi,Bansuri Swaraj,"Construction of reinforced cement concrete culvert and approach road at Ram Nagar, New Delhi",ROADS,4314832.11,2023-07-23,3948746.21,COMPLETED,Zilla Parishad Engineering Division,2023-24,2024-03-05,2024-03-03,28.6458,77.2723,
WRK001639,New Delhi,Delhi,New Delhi,Bansuri Swaraj,"Installation of community reverse osmosis water purification plant at Sector 4, New Delhi",DRINKING_WATER,2456417.6,2023-09-28,2421301.13,COMPLETED,Irrigation & Public Health Division,2023-24,2024-05-07,2024-04-29,28.5866,77.1446,
WRK001640,New Delhi,Delhi,New Delhi,Bansuri Swaraj,"Construction of modern community sanitary complex with bio-toilets at Ram Nagar, New Delhi",SANITATION,999992.38,2023-11-17,2861018.66,COMPLETED,Public Works Department (PWD),2023-24,2024-05-10,2024-05-10,28.4327,77.2287,AMOUNT_CLUSTERING
WRK001641,New Delhi,Delhi,New Delhi,Bansuri Swaraj,"Construction of multipurpose community welfare hall and auditorium at Shivaji Nagar, New Delhi",COMMUNITY_ASSETS,1982233.57,2023-07-09,1913061.09,COMPLETED,Rural Development Agency (DRDA),2023-24,2023-10-14,2023-10-09,28.592,77.3232,
WRK001642,New Delhi,Delhi,New Delhi,Bansuri Swaraj,"Supply and erection of 100 kVA distribution transformer for power stabilization at Shivaji Nagar, New Delhi",POWER,2640686.38,2023-06-10,2542973.53,COMPLETED,Municipal Corporation Engineering Cell,2023-24,2023-12-02,2023-12-01,28.6079,77.0947,
WRK001643,New Delhi,Delhi,New Delhi,Bansuri Swaraj,"Construction of additional classrooms in Government High School at Kisan Basti, New Delhi",EDUCATION,885606.92,2023-06-18,814723.1,COMPLETED,Zilla Parishad Engineering Division,2023-24,2023-12-05,2023-12-04,28.756,77.2773,
WRK001644,New Delhi,Delhi,New Delhi,Bansuri Swaraj,"Upgradation of Primary Health Centre with maternal care equipment at Ram Nagar, New Delhi",HEALTH,802863.94,2023-11-23,761025.61,COMPLETED,Irrigation & Public Health Division,2023-24,2024-05-06,2024-04-21,28.74,77.1607,
WRK001645,New Delhi,Delhi,New Delhi,Bansuri Swaraj,"Bituminous surface road connectivity linking village to Subhash Ward, New Delhi",ROADS,4087052.18,2023-12-09,3988393.37,COMPLETED,Public Works Department (PWD),2023-24,2024-06-02,2024-08-28,28.6604,77.2703,DELAYED_PROJECT
WRK001646,New Delhi,Delhi,New Delhi,Bansuri Swaraj,"Construction of additional classrooms in Government High School at Model Town, New Delhi",EDUCATION,4571012.56,2024-07-24,4271392.73,COMPLETED,Rural Development Agency (DRDA),2024-25,2025-01-20,2025-01-06,28.5684,77.2898,
WRK001647,New Delhi,Delhi,New Delhi,Bansuri Swaraj,"Upgradation of Primary Health Centre with maternal care equipment at Station Road, New Delhi",HEALTH,3135530.41,2024-09-22,2905986.77,COMPLETED,Municipal Corporation Engineering Cell,2024-25,2025-03-22,2025-03-16,28.5245,77.3541,
WRK001648,New Delhi,Delhi,New Delhi,Bansuri Swaraj,"Construction of reinforced cement concrete culvert and approach road at Adarsh Nagar, New Delhi",ROADS,2159915.57,2024-09-12,2124700.69,COMPLETED,Zilla Parishad Engineering Division,2024-25,2025-01-17,2025-01-15,28.4229,77.2028,
WRK001649,New Delhi,Delhi,New Delhi,Bansuri Swaraj,"Construction of 50,000 litre overhead water storage tank at Shivaji Nagar, New Delhi",DRINKING_WATER,3384588.92,2024-07-27,3259294.77,COMPLETED,Irrigation & Public Health Division,2024-25,2024-12-12,2024-12-07,28.6671,77.2779,
WRK001650,New Delhi,Delhi,New Delhi,Bansuri Swaraj,"Installation of decentralized solid waste segregation and processing unit at Model Town, New Delhi",SANITATION,3276708.95,2024-10-04,3239342.3,COMPLETED,Public Works Department (PWD),2024-25,2025-04-28,2025-04-20,28.7504,77.3642,
WRK001651,New Delhi,Delhi,New Delhi,Bansuri Swaraj,"Construction of covered shed and crematorium facility with lighting at Shivaji Nagar, New Delhi",COMMUNITY_ASSETS,3310106.86,2024-12-10,3247501.97,COMPLETED,Rural Development Agency (DRDA),2024-25,2025-06-02,2025-05-18,28.7229,77.1504,
WRK001652,New Delhi,Delhi,New Delhi,Bansuri Swaraj,"Supply and erection of 100 kVA distribution transformer for power stabilization at Sector 4, New Delhi",POWER,2116081.02,2024-05-23,1943646.63,COMPLETED,Municipal Corporation Engineering Cell,2024-25,2024-12-11,2024-11-26,28.4778,77.2343,
WRK001653,New Delhi,Delhi,New Delhi,Bansuri Swaraj,"Construction of additional classrooms in Government High School at Shivaji Nagar, New Delhi",EDUCATION,1292524.86,2024-09-08,1200867.0,COMPLETED,Zilla Parishad Engineering Division,2024-25,2025-03-03,2025-02-24,28.739,77.0984,
WRK001654,New Delhi,Delhi,New Delhi,Bansuri Swaraj,"Upgradation of Primary Health Centre with maternal care equipment at Sector 4, New Delhi",HEALTH,2213047.13,2024-06-25,2141947.89,COMPLETED,Irrigation & Public Health Division,2024-25,2024-11-15,2024-11-13,28.522,77.0961,
WRK001655,New Delhi,Delhi,New Delhi,Bansuri Swaraj,"Construction of reinforced cement concrete culvert and approach road at Gandhi Chowk, New Delhi",ROADS,1159194.12,2024-06-15,1100496.25,COMPLETED,Public Works Department (PWD),2024-25,2024-11-01,2024-10-24,28.613,77.2777,
WRK001656,New Delhi,Delhi,New Delhi,Bansuri Swaraj,"Construction of drinking water facility and sanitation block in school at Model Town, New Delhi",EDUCATION,4347971.71,2025-07-21,4274578.87,COMPLETED,Rural Development Agency (DRDA),2025-26,2025-12-21,2025-12-21,28.4213,77.3182,
WRK001657,New Delhi,Delhi,New Delhi,Bansuri Swaraj,"Upgradation of Primary Health Centre with maternal care equipment at Gandhi Chowk, New Delhi",HEALTH,4065674.42,2025-12-12,3882259.74,COMPLETED,Municipal Corporation Engineering Cell,2025-26,2026-06-19,2026-06-18,28.7005,77.258,
WRK001658,New Delhi,Delhi,New Delhi,Bansuri Swaraj,"Construction of CC road and drainage channel from Main Market to Adarsh Nagar, New Delhi",ROADS,2869525.63,2025-10-24,2759676.2,COMPLETED,Zilla Parishad Engineering Division,2025-26,2026-05-23,2026-05-09,28.5073,77.1604,
WRK001659,New Delhi,Delhi,New Delhi,Bansuri Swaraj,"Installation of piped drinking water supply scheme with solar pump at Shivaji Nagar, New Delhi",DRINKING_WATER,2536780.7,2025-07-28,2397076.61,COMPLETED,Irrigation & Public Health Division,2025-26,2026-02-11,2026-01-29,28.7555,77.2285,
WRK001660,New Delhi,Delhi,New Delhi,Bansuri Swaraj,"Construction of modern community sanitary complex with bio-toilets at Gandhi Chowk, New Delhi",SANITATION,2503854.74,2025-09-14,2377661.6,COMPLETED,Public Works Department (PWD),2025-26,2026-04-11,2026-04-07,28.6049,77.1345,
WRK001661,New Delhi,Delhi,New Delhi,Bansuri Swaraj,"Construction of Gram Panchayat Bhavan cum civic service centre at Adarsh Nagar, New Delhi",COMMUNITY_ASSETS,2222546.92,2025-09-02,2124806.59,COMPLETED,Rural Development Agency (DRDA),2025-26,2025-12-20,2025-12-07,28.5436,77.033,
WRK001662,New Delhi,Delhi,New Delhi,Bansuri Swaraj,"Supply and erection of 100 kVA distribution transformer for power stabilization at Shivaji Nagar, New Delhi",POWER,1037312.0,2025-06-05,1016820.09,COMPLETED,Municipal Corporation Engineering Cell,2025-26,2025-11-27,2025-11-20,28.4787,77.1317,
WRK001663,New Delhi,Delhi,New Delhi,Bansuri Swaraj,"Construction of additional classrooms in Government High School at Model Town, New Delhi",EDUCATION,5000371.52,2025-06-25,4888614.52,COMPLETED,Zilla Parishad Engineering Division,2025-26,2025-11-28,2025-11-25,28.4034,77.1198,
WRK001664,New Delhi,Delhi,New Delhi,Bansuri Swaraj,"Construction of Community Health Sub-Centre building at Model Town, New Delhi",HEALTH,2629193.42,2025-04-22,2449856.14,COMPLETED,Irrigation & Public Health Division,2025-26,2025-08-28,2025-08-20,28.7462,77.091,
WRK001665,New Delhi,Delhi,New Delhi,Bansuri Swaraj,"Construction of reinforced cement concrete culvert and approach road at Model Town, New Delhi",ROADS,3916548.44,2026-01-23,3802323.49,COMPLETED,Public Works Department (PWD),2025-26,2026-05-14,2026-05-05,28.5252,77.0751,
WRK001666,North Goa,Goa,North Goa,Shripad Yesso Naik,"Supply of mobile health dispensary unit and diagnostic lab at Sector 4, North Goa",HEALTH,1134025.57,2023-10-24,1058090.37,COMPLETED,Municipal Corporation Engineering Cell,2023-24,2024-01-24,2024-01-22,15.2999,74.1635,
WRK001667,North Goa,Goa,North Goa,Shripad Yesso Naik,"Construction of reinforced cement concrete culvert and approach road at Subhash Ward, North Goa",ROADS,1854278.28,2024-01-16,1745654.74,COMPLETED,Zilla Parishad Engineering Division,2023-24,2024-04-23,2024-04-20,15.4689,73.9615,
WRK001668,North Goa,Goa,North Goa,Shripad Yesso Naik,"Construction of 50,000 litre overhead water storage tank at Shivaji Nagar, North Goa",DRINKING_WATER,790617.4,2023-11-02,729312.39,COMPLETED,Irrigation & Public Health Division,2023-24,2024-04-24,2024-04-12,15.3278,74.0806,
WRK001669,North Goa,Goa,North Goa,Shripad Yesso Naik,"Installation of decentralized solid waste segregation and processing unit at Vikas Puri, North Goa",SANITATION,651187.33,2023-07-15,606562.36,COMPLETED,Public Works Department (PWD),2023-24,2023-11-29,2023-11-23,15.1796,74.2645,
WRK001670,North Goa,Goa,North Goa,Shripad Yesso Naik,"Construction of covered shed and crematorium facility with lighting at Vikas Puri, North Goa",COMMUNITY_ASSETS,2549735.89,2023-05-21,2355597.76,COMPLETED,Rural Development Agency (DRDA),2023-24,2023-11-10,2023-11-08,15.4439,74.0643,
WRK001671,North Goa,Goa,North Goa,Shripad Yesso Naik,"Supply and erection of 100 kVA distribution transformer for power stabilization at Gandhi Chowk, North Goa",POWER,4806605.14,2023-11-01,4459099.6,COMPLETED,Municipal Corporation Engineering Cell,2023-24,2024-03-22,2024-03-16,15.2239,74.2272,
WRK001672,North Goa,Goa,North Goa,Shripad Yesso Naik,"Construction of drinking water facility and sanitation block in school at Shivaji Nagar, North Goa",EDUCATION,3730117.62,2023-12-29,3486717.04,COMPLETED,Zilla Parishad Engineering Division,2023-24,2024-05-03,2024-04-28,15.2783,74.2298,
WRK001673,North Goa,Goa,North Goa,Shripad Yesso Naik,"Supply of mobile health dispensary unit and diagnostic lab at Kisan Basti, North Goa",HEALTH,2582616.53,2023-12-07,2443897.04,COMPLETED,Irrigation & Public Health Division,2023-24,2024-06-30,2024-06-20,15.2387,74.2371,
WRK001674,North Goa,Goa,North Goa,Shripad Yesso Naik,"Bituminous surface road connectivity linking village to Shivaji Nagar, North Goa",ROADS,4557199.63,2023-07-16,4185756.68,COMPLETED,Public Works Department (PWD),2023-24,2023-11-29,2023-11-19,15.3794,73.9382,
WRK001675,North Goa,Goa,North Goa,Shripad Yesso Naik,"Construction of 50,000 litre overhead water storage tank at Vikas Puri, North Goa",DRINKING_WATER,3500717.65,2023-09-12,3237108.18,COMPLETED,Rural Development Agency (DRDA),2023-24,2024-02-04,2024-01-31,15.4635,74.0645,
WRK001676,North Goa,Goa,North Goa,Shripad Yesso Naik,"Upgradation of Primary Health Centre with maternal care equipment at Vikas Puri, North Goa",HEALTH,2347164.25,2024-09-29,2288435.6,COMPLETED,Municipal Corporation Engineering Cell,2024-25,2025-01-08,2025-01-05,15.2849,73.9293,
WRK001677,North Goa,Goa,North Goa,Shripad Yesso Naik,"Bituminous surface road connectivity linking village to Subhash Ward, North Goa",ROADS,2285240.88,2024-07-24,2103470.48,COMPLETED,Zilla Parishad Engineering Division,2024-25,2024-11-25,2024-11-17,15.2308,74.1995,
WRK001678,North Goa,Goa,North Goa,Shripad Yesso Naik,"Installation of community reverse osmosis water purification plant at Kisan Basti, North Goa",DRINKING_WATER,2621408.19,2024-06-26,2554079.2,COMPLETED,Irrigation & Public Health Division,2024-25,2024-09-28,2024-09-18,15.3428,73.9709,
WRK001679,North Goa,Goa,North Goa,Shripad Yesso Naik,"Construction of modern community sanitary complex with bio-toilets at Sector 4, North Goa",SANITATION,1194379.07,2024-09-02,1097419.95,COMPLETED,Public Works Department (PWD),2024-25,2024-12-09,2024-11-27,15.4571,74.1129,
WRK001680,North Goa,Goa,North Goa,Shripad Yesso Naik,"Construction of Gram Panchayat Bhavan cum civic service centre at Ram Nagar, North Goa",COMMUNITY_ASSETS,736015.61,2024-11-29,678835.23,COMPLETED,Rural Development Agency (DRDA),2024-25,2025-04-19,2025-04-17,15.4715,74.0499,
WRK001681,North Goa,Goa,North Goa,Shripad Yesso Naik,"Installation of integrated solar LED street lighting units across Sector 4, North Goa",POWER,4199200.45,2024-10-05,3898385.6,COMPLETED,Municipal Corporation Engineering Cell,2024-25,2025-01-27,2025-01-25,15.4188,74.2322,
WRK001682,North Goa,Goa,North Goa,Shripad Yesso Naik,"Construction of drinking water facility and sanitation block in school at Gandhi Chowk, North Goa",EDUCATION,1958363.27,2024-09-30,1808491.34,COMPLETED,Zilla Parishad Engineering Division,2024-25,2025-05-16,2025-05-11,15.258,74.0712,
WRK001683,North Goa,Goa,North Goa,Shripad Yesso Naik,"Upgradation of Primary Health Centre with maternal care equipment at Sector 4, North Goa",HEALTH,3443186.24,2024-11-07,3252152.75,COMPLETED,Irrigation & Public Health Division,2024-25,2025-04-02,2025-03-20,15.1264,74.226,
WRK001684,North Goa,Goa,North Goa,Shripad Yesso Naik,"Construction of CC road and drainage channel from Main Market to Subhash Ward, North Goa",ROADS,3958999.38,2024-09-17,3702278.91,COMPLETED,Public Works Department (PWD),2024-25,2025-05-02,2025-04-20,15.4165,74.2689,
WRK001685,North Goa,Goa,North Goa,Shripad Yesso Naik,"Installation of community reverse osmosis water purification plant at Adarsh Nagar, North Goa",DRINKING_WATER,3560278.5,2024-10-31,3536217.15,COMPLETED,Rural Development Agency (DRDA),2024-25,2025-04-24,2025-04-24,15.1701,74.2047,
WRK001686,North Goa,Goa,North Goa,Shripad Yesso Naik,"Upgradation of Primary Health Centre with maternal care equipment at Model Town, North Goa",HEALTH,2227112.75,2025-12-01,2719124.04,COMPLETED,Municipal Corporation Engineering Cell,2025-26,2026-07-29,2026-07-29,15.3819,73.9053,COST_OVERRUN
WRK001687,North Goa,Goa,North Goa,Shripad Yesso Naik,"Construction of CC road and drainage channel from Main Market to Model Town, North Goa",ROADS,773461.28,2025-05-26,752596.91,COMPLETED,Zilla Parishad Engineering Division,2025-26,2025-10-01,2025-09-30,15.2503,74.1568,
WRK001688,North Goa,Goa,North Goa,Shripad Yesso Naik,"Installation of community reverse osmosis water purification plant at Adarsh Nagar, North Goa",DRINKING_WATER,1758040.77,2025-06-23,1714167.23,COMPLETED,Irrigation & Public Health Division,2025-26,2026-02-01,2026-01-24,15.4167,74.066,
WRK001689,North Goa,Goa,North Goa,Shripad Yesso Naik,"Installation of decentralized solid waste segregation and processing unit at Adarsh Nagar, North Goa",SANITATION,1595559.98,2025-10-08,1571333.74,COMPLETED,Public Works Department (PWD),2025-26,2026-03-10,2026-03-05,15.4206,74.1785,
WRK001690,North Goa,Goa,North Goa,Shripad Yesso Naik,"Construction of multipurpose community welfare hall and auditorium at Kisan Basti, North Goa",COMMUNITY_ASSETS,795743.68,2025-04-19,733946.82,COMPLETED,Rural Development Agency (DRDA),2025-26,2025-07-31,2025-07-22,15.3537,73.9566,
WRK001691,North Goa,Goa,North Goa,Shripad Yesso Naik,"Installation of integrated solar LED street lighting units across Vikas Puri, North Goa",POWER,2422802.9,2025-05-26,2272172.96,COMPLETED,Municipal Corporation Engineering Cell,2025-26,2025-10-13,2025-10-12,15.198,73.9706,
WRK001692,North Goa,Goa,North Goa,Shripad Yesso Naik,"Construction of drinking water facility and sanitation block in school at Shivaji Nagar, North Goa",EDUCATION,4385778.93,2025-09-02,4190275.84,COMPLETED,Zilla Parishad Engineering Division,2025-26,2026-03-03,2026-03-01,15.2593,73.9671,
WRK001693,North Goa,Goa,North Goa,Shripad Yesso Naik,"Upgradation of Primary Health Centre with maternal care equipment at Kisan Basti, North Goa",HEALTH,3933012.73,2025-04-26,3679661.18,COMPLETED,Irrigation & Public Health Division,2025-26,2025-10-09,2025-10-08,15.3381,73.9611,
WRK001694,North Goa,Goa,North Goa,Shripad Yesso Naik,"Bituminous surface road connectivity linking village to Kisan Basti, North Goa",ROADS,2194260.1,2025-09-08,2008481.85,COMPLETED,Public Works Department (PWD),2025-26,2026-01-10,2026-01-06,15.3859,73.9783,
WRK001695,North Goa,Goa,North Goa,Shripad Yesso Naik,"Construction of 50,000 litre overhead water storage tank at Subhash Ward, North Goa",DRINKING_WATER,4740989.71,2025-11-14,4673667.5,COMPLETED,Rural Development Agency (DRDA),2025-26,2026-06-17,2026-06-05,15.2231,74.295,
WRK001696,Sikkim,Sikkim,East Sikkim,Indra Hang Subba,"Construction of reinforced cement concrete culvert and approach road at Station Road, East Sikkim",ROADS,3942853.92,2023-07-24,3827393.09,COMPLETED,Zilla Parishad Engineering Division,2023-24,2024-01-19,2024-01-16,27.3038,88.5954,
WRK001697,Sikkim,Sikkim,East Sikkim,Indra Hang Subba,"Construction of 50,000 litre overhead water storage tank at Shivaji Nagar, East Sikkim",DRINKING_WATER,2658986.99,2023-08-18,2529860.36,COMPLETED,Irrigation & Public Health Division,2023-24,2023-11-23,2023-11-12,27.379,88.6581,
WRK001698,Sikkim,Sikkim,East Sikkim,Indra Hang Subba,"Underground storm water drainage and sewage disposal network at Shivaji Nagar, East Sikkim",SANITATION,563250.74,2023-07-07,538739.74,COMPLETED,Public Works Department (PWD),2023-24,2024-01-11,2024-01-02,27.2591,88.6345,
WRK001699,Sikkim,Sikkim,East Sikkim,Indra Hang Subba,"Construction of Gram Panchayat Bhavan cum civic service centre at Station Road, East Sikkim",COMMUNITY_ASSETS,1641013.2,2023-11-20,1622872.86,COMPLETED,Rural Development Agency (DRDA),2023-24,2024-05-25,2024-05-12,27.3344,88.6936,
WRK001700,Sikkim,Sikkim,East Sikkim,Indra Hang Subba,"Installation of integrated solar LED street lighting units across Model Town, East Sikkim",POWER,4166789.35,2023-10-09,3976524.84,COMPLETED,Municipal Corporation Engineering Cell,2023-24,2024-04-17,2024-04-05,27.3796,88.4026,
WRK001701,Sikkim,Sikkim,East Sikkim,Indra Hang Subba,"Construction of additional classrooms in Government High School at Subhash Ward, East Sikkim",EDUCATION,2378745.17,2024-01-09,2211183.38,COMPLETED,Zilla Parishad Engineering Division,2023-24,2024-05-23,2024-05-11,27.2499,88.6816,
WRK001702,Sikkim,Sikkim,East Sikkim,Indra Hang Subba,"Construction of Community Health Sub-Centre building at Model Town, East Sikkim",HEALTH,1336055.24,2023-08-02,1289489.69,COMPLETED,Irrigation & Public Health Division,2023-24,2023-12-19,2023-12-07,27.2037,88.7609,
WRK001703,Sikkim,Sikkim,East Sikkim,Indra Hang Subba,"Construction of reinforced cement concrete culvert and approach road at Station Road, East Sikkim",ROADS,1822904.54,2023-05-26,1778868.07,COMPLETED,Public Works Department (PWD),2023-24,2023-11-19,2023-11-04,27.1119,88.4939,
WRK001704,Sikkim,Sikkim,East Sikkim,Indra Hang Subba,"Installation of piped drinking water supply scheme with solar pump at Ram Nagar, East Sikkim",DRINKING_WATER,3501862.65,2023-04-19,3480682.5,COMPLETED,Rural Development Agency (DRDA),2023-24,2023-09-10,2023-09-03,27.3089,88.4029,
WRK001705,Sikkim,Sikkim,East Sikkim,Indra Hang Subba,"Underground storm water drainage and sewage disposal network at Kisan Basti, East Sikkim",SANITATION,3223104.17,2023-10-05,3120629.64,COMPLETED,Municipal Corporation Engineering Cell,2023-24,2024-03-30,2024-03-27,27.4998,88.7267,
WRK001706,Sikkim,Sikkim,East Sikkim,Indra Hang Subba,"Bituminous surface road connectivity linking village to Adarsh Nagar, East Sikkim",ROADS,522598.87,2024-06-06,517939.88,COMPLETED,Zilla Parishad Engineering Division,2024-25,2024-10-09,2024-10-01,27.1103,88.4492,
WRK001707,Sikkim,Sikkim,East Sikkim,Indra Hang Subba,"Construction of 50,000 litre overhead water storage tank at Kisan Basti, East Sikkim",DRINKING_WATER,2823748.61,2024-12-15,3623693.57,COMPLETED,Irrigation & Public Health Division,2024-25,2025-06-05,2025-06-05,27.1067,88.5441,COST_OVERRUN
WRK001708,Sikkim,Sikkim,East Sikkim,Indra Hang Subba,"Underground storm water drainage and sewage disposal network at Model Town, East Sikkim",SANITATION,2076899.75,2024-05-27,2022364.97,COMPLETED,Public Works Department (PWD),2024-25,2024-12-24,2024-12-18,27.4947,88.7428,
WRK001709,Sikkim,Sikkim,East Sikkim,Indra Hang Subba,"Construction of covered shed and crematorium facility with lighting at Shivaji Nagar, East Sikkim",COMMUNITY_ASSETS,4423138.88,2024-06-28,4341701.5,COMPLETED,Rural Development Agency (DRDA),2024-25,2025-02-02,2025-02-01,27.1127,88.5992,
WRK001710,Sikkim,Sikkim,East Sikkim,Indra Hang Subba,"Installation of integrated solar LED street lighting units across Kisan Basti, East Sikkim",POWER,2675210.76,2024-06-14,2540892.37,COMPLETED,Municipal Corporation Engineering Cell,2024-25,2024-10-25,2024-10-10,27.4013,88.6639,
WRK001711,Sikkim,Sikkim,East Sikkim,Indra Hang Subba,"Construction of additional classrooms in Government High School at Adarsh Nagar, East Sikkim",EDUCATION,3950671.47,2024-10-29,3906498.6,COMPLETED,Zilla Parishad Engineering Division,2024-25,2025-05-28,2025-05-28,27.4806,88.6682,
WRK001712,Sikkim,Sikkim,East Sikkim,Indra Hang Subba,"Upgradation of Primary Health Centre with maternal care equipment at Adarsh Nagar, East Sikkim",HEALTH,4700696.37,2024-08-08,4444659.03,COMPLETED,Irrigation & Public Health Division,2024-25,2025-02-01,2025-01-30,27.2508,88.687,
WRK001713,Sikkim,Sikkim,East Sikkim,Indra Hang Subba,"Construction of CC road and drainage channel from Main Market to Shivaji Nagar, East Sikkim",ROADS,1021572.88,2024-08-26,1004478.31,COMPLETED,Public Works Department (PWD),2024-25,2025-01-11,2025-01-08,27.3978,88.4464,
WRK001714,Sikkim,Sikkim,East Sikkim,Indra Hang Subba,"Installation of community reverse osmosis water purification plant at Sector 4, East Sikkim",DRINKING_WATER,783884.99,2024-09-22,767208.01,COMPLETED,Rural Development Agency (DRDA),2024-25,2025-04-08,2025-03-31,27.2279,88.546,
WRK001715,Sikkim,Sikkim,East Sikkim,Indra Hang Subba,"Construction of modern community sanitary complex with bio-toilets at Subhash Ward, East Sikkim",SANITATION,2926977.89,2024-04-20,2819022.85,COMPLETED,Municipal Corporation Engineering Cell,2024-25,2024-10-02,2024-09-21,27.4349,88.5999,
WRK001716,Sikkim,Sikkim,East Sikkim,Indra Hang Subba,"Construction of reinforced cement concrete culvert and approach road at Sector 4, East Sikkim",ROADS,1899914.87,2025-09-26,1845446.66,COMPLETED,Zilla Parishad Engineering Division,2025-26,2026-05-20,2026-05-17,27.2913,88.7315,
WRK001717,Sikkim,Sikkim,East Sikkim,Indra Hang Subba,"Installation of piped drinking water supply scheme with solar pump at Adarsh Nagar, East Sikkim",DRINKING_WATER,4227666.71,2025-07-03,3928862.07,COMPLETED,Irrigation & Public Health Division,2025-26,2025-11-27,2025-11-27,27.3802,88.421,
WRK001718,Sikkim,Sikkim,East Sikkim,Indra Hang Subba,"Installation of decentralized solid waste segregation and processing unit at Subhash Ward, East Sikkim",SANITATION,4936379.71,2025-09-16,4907872.83,COMPLETED,Public Works Department (PWD),2025-26,2025-12-20,2025-12-17,27.3192,88.535,
WRK001719,Sikkim,Sikkim,East Sikkim,Indra Hang Subba,"Construction of Gram Panchayat Bhavan cum civic service centre at Gandhi Chowk, East Sikkim",COMMUNITY_ASSETS,3773291.75,2026-01-11,3627758.51,COMPLETED,Rural Development Agency (DRDA),2025-26,2026-08-29,2026-08-15,27.2575,88.4524,
WRK001720,Sikkim,Sikkim,East Sikkim,Indra Hang Subba,"Rooftop solar photovoltaic power system for primary healthcare facility at Ram Nagar, East Sikkim",POWER,3451666.65,2025-12-06,3364928.34,COMPLETED,Municipal Corporation Engineering Cell,2025-26,2026-07-07,2026-06-22,27.2164,88.4579,
WRK001721,Sikkim,Sikkim,East Sikkim,Indra Hang Subba,"Setting up of computer lab and digital library in Higher Secondary School at Model Town, East Sikkim",EDUCATION,3562315.28,2025-06-07,3360854.62,COMPLETED,Zilla Parishad Engineering Division,2025-26,2025-12-23,2025-12-23,27.3718,88.4673,
WRK001722,Sikkim,Sikkim,East Sikkim,Indra Hang Subba,"Upgradation of Primary Health Centre with maternal care equipment at Sector 4, East Sikkim",HEALTH,4917781.33,2025-06-15,4731115.98,COMPLETED,Irrigation & Public Health Division,2025-26,2025-10-21,2026-05-21,27.3508,88.5616,DELAYED_PROJECT
WRK001723,Sikkim,Sikkim,East Sikkim,Indra Hang Subba,"Construction of reinforced cement concrete culvert and approach road at Subhash Ward, East Sikkim",ROADS,4008450.9,2025-05-31,5381035.87,COMPLETED,Public Works Department (PWD),2025-26,2025-11-07,2025-11-07,27.3529,88.578,COST_OVERRUN
WRK001724,Sikkim,Sikkim,East Sikkim,Indra Hang Subba,"Installation of piped drinking water supply scheme with solar pump at Sector 4, East Sikkim",DRINKING_WATER,1739240.74,2025-12-17,1632919.33,COMPLETED,Rural Development Agency (DRDA),2025-26,2026-05-02,2026-04-21,27.2536,88.8,
WRK001725,Sikkim,Sikkim,East Sikkim,Indra Hang Subba,"Construction of modern community sanitary complex with bio-toilets at Adarsh Nagar, East Sikkim",SANITATION,3720592.22,2025-05-18,3564004.93,COMPLETED,Municipal Corporation Engineering Cell,2025-26,2025-11-27,2025-11-27,27.4251,88.4079,
WRK001726,Shillong,Meghalaya,East Khasi Hills,Ricky AJ Syngkon,"Installation of community reverse osmosis water purification plant at Vikas Puri, East Khasi Hills",DRINKING_WATER,3892941.31,2023-06-18,3734801.24,COMPLETED,Irrigation & Public Health Division,2023-24,2023-10-16,2023-10-11,25.4723,91.9396,
WRK001727,Shillong,Meghalaya,East Khasi Hills,Ricky AJ Syngkon,"Construction of modern community sanitary complex with bio-toilets at Sector 4, East Khasi Hills",SANITATION,3094425.21,2023-06-20,2956698.11,COMPLETED,Public Works Department (PWD),2023-24,2023-11-22,2023-11-18,25.7406,91.714,
WRK001728,Shillong,Meghalaya,East Khasi Hills,Ricky AJ Syngkon,"Construction of covered shed and crematorium facility with lighting at Station Road, East Khasi Hills",COMMUNITY_ASSETS,4903579.31,2023-11-18,4745353.59,COMPLETED,Rural Development Agency (DRDA),2023-24,2024-02-27,2024-02-26,25.7785,91.9078,
WRK001729,Shillong,Meghalaya,East Khasi Hills,Ricky AJ Syngkon,"Installation of integrated solar LED street lighting units across Model Town, East Khasi Hills",POWER,3633231.58,2023-12-23,3517002.18,COMPLETED,Municipal Corporation Engineering Cell,2023-24,2024-06-20,2024-06-06,25.6425,91.9042,
WRK001730,Shillong,Meghalaya,East Khasi Hills,Ricky AJ Syngkon,"Construction of additional classrooms in Government High School at Sector 4, East Khasi Hills",EDUCATION,1146077.59,2023-07-21,1060441.95,COMPLETED,Zilla Parishad Engineering Division,2023-24,2023-11-22,2023-11-20,25.6409,91.7864,
WRK001731,Shillong,Meghalaya,East Khasi Hills,Ricky AJ Syngkon,"Upgradation of Primary Health Centre with maternal care equipment at Vikas Puri, East Khasi Hills",HEALTH,1679567.22,2023-08-24,1630122.83,COMPLETED,Irrigation & Public Health Division,2023-24,2024-03-17,2024-03-08,25.4333,91.8017,
WRK001732,Shillong,Meghalaya,East Khasi Hills,Ricky AJ Syngkon,"Construction of CC road and drainage channel from Main Market to Ram Nagar, East Khasi Hills",ROADS,3720682.5,2023-07-23,3699831.5,COMPLETED,Public Works Department (PWD),2023-24,2024-02-28,2024-02-26,25.642,91.8679,
WRK001733,Shillong,Meghalaya,East Khasi Hills,Ricky AJ Syngkon,"Construction of 50,000 litre overhead water storage tank at Sector 4, East Khasi Hills",DRINKING_WATER,850194.43,2023-08-20,839770.73,COMPLETED,Rural Development Agency (DRDA),2023-24,2024-04-06,2024-03-30,25.5627,91.8317,
WRK001734,Shillong,Meghalaya,East Khasi Hills,Ricky AJ Syngkon,"Construction of modern community sanitary complex with bio-toilets at Shivaji Nagar, East Khasi Hills",SANITATION,548219.44,2023-09-03,524710.72,COMPLETED,Municipal Corporation Engineering Cell,2023-24,2024-03-07,2024-03-01,25.7807,92.0131,
WRK001735,Shillong,Meghalaya,East Khasi Hills,Ricky AJ Syngkon,"Construction of covered shed and crematorium facility with lighting at Kisan Basti, East Khasi Hills",COMMUNITY_ASSETS,2887355.2,2023-06-03,2715383.49,COMPLETED,Zilla Parishad Engineering Division,2023-24,2024-01-20,2024-01-17,25.5084,91.7396,
WRK001736,Shillong,Meghalaya,East Khasi Hills,Ricky AJ Syngkon,"Installation of community reverse osmosis water purification plant at Vikas Puri, East Khasi Hills",DRINKING_WATER,3184287.36,2025-01-23,3081132.48,COMPLETED,Irrigation & Public Health Division,2024-25,2025-05-25,2025-05-14,25.5036,91.9747,
WRK001737,Shillong,Meghalaya,East Khasi Hills,Ricky AJ Syngkon,"Underground storm water drainage and sewage disposal network at Model Town, East Khasi Hills",SANITATION,745172.71,2024-08-30,708001.11,COMPLETED,Public Works Department (PWD),2024-25,2025-01-30,2025-01-26,25.6713,91.8673,
WRK001738,Shillong,Meghalaya,East Khasi Hills,Ricky AJ Syngkon,"Construction of Gram Panchayat Bhavan cum civic service centre at Vikas Puri, East Khasi Hills",COMMUNITY_ASSETS,1745538.77,2024-09-09,1653934.96,COMPLETED,Rural Development Agency (DRDA),2024-25,2025-02-04,2025-01-30,25.5221,92.0432,
WRK001739,Shillong,Meghalaya,East Khasi Hills,Ricky AJ Syngkon,"Installation of integrated solar LED street lighting units across Gandhi Chowk, East Khasi Hills",POWER,3794242.04,2024-05-25,3717096.58,COMPLETED,Municipal Corporation Engineering Cell,2024-25,2024-09-06,2024-08-22,25.4338,91.8143,
WRK001740,Shillong,Meghalaya,East Khasi Hills,Ricky AJ Syngkon,"Setting up of computer lab and digital library in Higher Secondary School at Vikas Puri, East Khasi Hills",EDUCATION,2663650.86,2024-06-24,2631343.21,COMPLETED,Zilla Parishad Engineering Division,2024-25,2025-02-05,2025-01-21,25.6792,91.8622,
WRK001741,Shillong,Meghalaya,East Khasi Hills,Ricky AJ Syngkon,"Supply of mobile health dispensary unit and diagnostic lab at Subhash Ward, East Khasi Hills",HEALTH,3876024.12,2025-01-14,3598820.9,COMPLETED,Irrigation & Public Health Division,2024-25,2025-08-27,2025-08-19,25.6736,91.7169,
WRK001742,Shillong,Meghalaya,East Khasi Hills,Ricky AJ Syngkon,"Construction of CC road and drainage channel from Main Market to Gandhi Chowk, East Khasi Hills",ROADS,4282526.13,2024-10-20,4034296.73,COMPLETED,Public Works Department (PWD),2024-25,2025-05-06,2025-04-28,25.5982,91.7682,
WRK001743,Shillong,Meghalaya,East Khasi Hills,Ricky AJ Syngkon,"Installation of community reverse osmosis water purification plant at Gandhi Chowk, East Khasi Hills",DRINKING_WATER,1849306.99,2024-09-11,1834014.69,COMPLETED,Rural Development Agency (DRDA),2024-25,2025-05-04,2025-04-20,25.5574,92.0692,
WRK001744,Shillong,Meghalaya,East Khasi Hills,Ricky AJ Syngkon,"Underground storm water drainage and sewage disposal network at Model Town, East Khasi Hills",SANITATION,758894.06,2024-12-21,705689.98,COMPLETED,Municipal Corporation Engineering Cell,2024-25,2025-06-05,2025-06-01,25.5416,91.7021,
WRK001745,Shillong,Meghalaya,East Khasi Hills,Ricky AJ Syngkon,"Construction of multipurpose community welfare hall and auditorium at Gandhi Chowk, East Khasi Hills",COMMUNITY_ASSETS,2715146.93,2024-11-22,3505823.79,COMPLETED,Zilla Parishad Engineering Division,2024-25,2025-03-31,2025-03-31,25.5643,92.0652,COST_OVERRUN
WRK001746,Shillong,Meghalaya,East Khasi Hills,Ricky AJ Syngkon,"Installation of piped drinking water supply scheme with solar pump at Vikas Puri, East Khasi Hills",DRINKING_WATER,993569.73,2025-08-31,1114917.51,IN_PROGRESS,Irrigation & Public Health Division,2025-26,2026-01-09,,25.4559,91.9988,PAYMENT_RISK
WRK001747,Shillong,Meghalaya,East Khasi Hills,Ricky AJ Syngkon,"Construction of modern community sanitary complex with bio-toilets at Subhash Ward, East Khasi Hills",SANITATION,3856677.08,2025-11-17,3565511.01,COMPLETED,Public Works Department (PWD),2025-26,2026-04-06,2026-04-06,25.7794,92.0839,
WRK001748,Shillong,Meghalaya,East Khasi Hills,Ricky AJ Syngkon,"Construction of covered shed and crematorium facility with lighting at Kisan Basti, East Khasi Hills",COMMUNITY_ASSETS,1969662.25,2025-06-20,1822948.83,COMPLETED,Rural Development Agency (DRDA),2025-26,2026-01-24,2026-01-12,25.6904,91.9968,
WRK001749,Shillong,Meghalaya,East Khasi Hills,Ricky AJ Syngkon,"Installation of integrated solar LED street lighting units across Station Road, East Khasi Hills",POWER,2048778.28,2025-07-04,1995498.83,COMPLETED,Municipal Corporation Engineering Cell,2025-26,2025-10-15,2025-10-13,25.6713,91.8369,
WRK001750,Shillong,Meghalaya,East Khasi Hills,Ricky AJ Syngkon,"Setting up of computer lab and digital library in Higher Secondary School at Ram Nagar, East Khasi Hills",EDUCATION,2694314.0,2025-09-07,2490089.31,COMPLETED,Zilla Parishad Engineering Division,2025-26,2026-01-14,2026-01-07,25.6917,91.7747,
WRK001751,Shillong,Meghalaya,East Khasi Hills,Ricky AJ Syngkon,"Supply of mobile health dispensary unit and diagnostic lab at Shivaji Nagar, East Khasi Hills",HEALTH,1399950.14,2025-11-21,1351389.56,COMPLETED,Irrigation & Public Health Division,2025-26,2026-06-27,2026-06-16,25.6444,91.7755,
WRK001752,Shillong,Meghalaya,East Khasi Hills,Ricky AJ Syngkon,"Construction of CC road and drainage channel from Main Market to Gandhi Chowk, East Khasi Hills",ROADS,2308585.37,2025-06-22,2121766.4,COMPLETED,Public Works Department (PWD),2025-26,2025-10-27,2025-10-25,25.5705,91.9466,
WRK001753,Shillong,Meghalaya,East Khasi Hills,Ricky AJ Syngkon,"Installation of community reverse osmosis water purification plant at Ram Nagar, East Khasi Hills",DRINKING_WATER,1502306.35,2025-08-12,1408328.79,COMPLETED,Rural Development Agency (DRDA),2025-26,2026-02-27,2026-02-23,25.6575,91.8217,
WRK001754,Shillong,Meghalaya,East Khasi Hills,Ricky AJ Syngkon,"Installation of decentralized solid waste segregation and processing unit at Subhash Ward, East Khasi Hills",SANITATION,1939854.78,2025-08-20,1818444.6,COMPLETED,Municipal Corporation Engineering Cell,2025-26,2025-12-01,2025-11-19,25.6642,91.8287,
WRK001755,Shillong,Meghalaya,East Khasi Hills,Ricky AJ Syngkon,"Construction of Gram Panchayat Bhavan cum civic service centre at Station Road, East Khasi Hills",COMMUNITY_ASSETS,4771176.24,2025-08-23,4415364.09,COMPLETED,Zilla Parishad Engineering Division,2025-26,2025-12-15,2025-12-11,25.6676,91.9732,
WRK001756,Inner Manipur,Manipur,Imphal West,Angomcha Bimol Akoijam,"Underground storm water drainage and sewage disposal network at Model Town, Imphal West",SANITATION,3223670.87,2024-01-11,3141167.45,COMPLETED,Public Works Department (PWD),2023-24,2024-09-06,2024-08-25,24.7536,94.0549,
WRK001757,Inner Manipur,Manipur,Imphal West,Angomcha Bimol Akoijam,"Construction of multipurpose community welfare hall and auditorium at Model Town, Imphal West",COMMUNITY_ASSETS,1372686.55,2023-07-22,1339576.03,COMPLETED,Rural Development Agency (DRDA),2023-24,2024-03-07,2024-02-25,24.8476,93.8206,
WRK001758,Inner Manipur,Manipur,Imphal West,Angomcha Bimol Akoijam,"Installation of integrated solar LED street lighting units across Station Road, Imphal West",POWER,2389101.57,2023-07-23,2323129.09,COMPLETED,Municipal Corporation Engineering Cell,2023-24,2024-03-12,2024-03-10,24.9901,94.058,
WRK001759,Inner Manipur,Manipur,Imphal West,Angomcha Bimol Akoijam,"Construction of additional classrooms in Government High School at Kisan Basti, Imphal West",EDUCATION,2866461.47,2023-11-16,2633233.6,COMPLETED,Zilla Parishad Engineering Division,2023-24,2024-03-27,2024-03-13,24.8397,93.9787,
WRK001760,Inner Manipur,Manipur,Imphal West,Angomcha Bimol Akoijam,"Supply of mobile health dispensary unit and diagnostic lab at Shivaji Nagar, Imphal West",HEALTH,2732987.98,2023-11-05,2671085.18,COMPLETED,Irrigation & Public Health Division,2023-24,2024-02-22,2024-02-19,24.6662,94.0003,
WRK001761,Inner Manipur,Manipur,Imphal West,Angomcha Bimol Akoijam,"Construction of reinforced cement concrete culvert and approach road at Ram Nagar, Imphal West",ROADS,1329982.62,2023-07-30,1292238.14,COMPLETED,Public Works Department (PWD),2023-24,2023-10-30,2023-10-23,24.9517,94.0163,
WRK001762,Inner Manipur,Manipur,Imphal West,Angomcha Bimol Akoijam,"Construction of 50,000 litre overhead water storage tank at Shivaji Nagar, Imphal West",DRINKING_WATER,3692712.08,2023-09-14,3657127.92,COMPLETED,Rural Development Agency (DRDA),2023-24,2023-12-24,2023-12-17,24.8134,93.8167,
WRK001763,Inner Manipur,Manipur,Imphal West,Angomcha Bimol Akoijam,"Construction of modern community sanitary complex with bio-toilets at Ram Nagar, Imphal West",SANITATION,3393424.81,2023-05-12,3368915.77,COMPLETED,Municipal Corporation Engineering Cell,2023-24,2023-12-24,2023-12-19,24.6465,93.9595,
WRK001764,Inner Manipur,Manipur,Imphal West,Angomcha Bimol Akoijam,"Construction of multipurpose community welfare hall and auditorium at Vikas Puri, Imphal West",COMMUNITY_ASSETS,3753500.96,2023-08-29,4338814.25,IN_PROGRESS,Zilla Parishad Engineering Division,2023-24,2024-02-18,,24.9941,93.9504,PAYMENT_RISK
WRK001765,Inner Manipur,Manipur,Imphal West,Angomcha Bimol Akoijam,"Installation of integrated solar LED street lighting units across Vikas Puri, Imphal West",POWER,3758622.47,2023-06-09,3684757.13,COMPLETED,Irrigation & Public Health Division,2023-24,2023-11-11,2023-11-03,24.948,93.9537,
WRK001766,Inner Manipur,Manipur,Imphal West,Angomcha Bimol Akoijam,"Construction of modern community sanitary complex with bio-toilets at Model Town, Imphal West",SANITATION,1202781.2,2024-11-04,1144748.46,COMPLETED,Public Works Department (PWD),2024-25,2025-05-07,2025-04-27,24.6593,93.8916,
WRK001767,Inner Manipur,Manipur,Imphal West,Angomcha Bimol Akoijam,"Construction of multipurpose community welfare hall and auditorium at Model Town, Imphal West",COMMUNITY_ASSETS,4746983.9,2024-12-23,4574316.0,COMPLETED,Rural Development Agency (DRDA),2024-25,2025-06-10,2025-05-28,24.6652,93.7711,
WRK001768,Inner Manipur,Manipur,Imphal West,Angomcha Bimol Akoijam,"Installation of integrated solar LED street lighting units across Gandhi Chowk, Imphal West",POWER,1612742.72,2024-11-20,1477180.54,COMPLETED,Municipal Corporation Engineering Cell,2024-25,2025-03-15,2025-03-03,24.8897,93.7549,
WRK001769,Inner Manipur,Manipur,Imphal West,Angomcha Bimol Akoijam,"Setting up of computer lab and digital library in Higher Secondary School at Subhash Ward, Imphal West",EDUCATION,995394.8,2024-04-26,985528.32,COMPLETED,Zilla Parishad Engineering Division,2024-25,2024-08-05,2024-07-21,24.6529,94.008,
WRK001770,Inner Manipur,Manipur,Imphal West,Angomcha Bimol Akoijam,"Upgradation of Primary Health Centre with maternal care equipment at Gandhi Chowk, Imphal West",HEALTH,3816042.23,2025-01-18,3740626.53,COMPLETED,Irrigation & Public Health Division,2024-25,2025-06-08,2025-06-02,24.6557,94.0039,
WRK001771,Inner Manipur,Manipur,Imphal West,Angomcha Bimol Akoijam,"Bituminous surface road connectivity linking village to Kisan Basti, Imphal West",ROADS,1602620.5,2024-07-04,1504442.49,COMPLETED,Public Works Department (PWD),2024-25,2025-02-18,2025-02-16,24.6492,94.03,
WRK001772,Inner Manipur,Manipur,Imphal West,Angomcha Bimol Akoijam,"Installation of piped drinking water supply scheme with solar pump at Sector 4, Imphal West",DRINKING_WATER,612332.27,2024-08-08,603599.13,COMPLETED,Rural Development Agency (DRDA),2024-25,2025-01-18,2025-01-06,24.6904,94.0516,
WRK001773,Inner Manipur,Manipur,Imphal West,Angomcha Bimol Akoijam,"Underground storm water drainage and sewage disposal network at Station Road, Imphal West",SANITATION,1519919.4,2024-06-11,1502576.95,COMPLETED,Municipal Corporation Engineering Cell,2024-25,2024-09-28,2024-09-14,24.8463,93.7473,
WRK001774,Inner Manipur,Manipur,Imphal West,Angomcha Bimol Akoijam,"Construction of covered shed and crematorium facility with lighting at Station Road, Imphal West",COMMUNITY_ASSETS,2432242.62,2024-07-16,2384582.83,COMPLETED,Zilla Parishad Engineering Division,2024-25,2025-01-30,2025-01-26,24.6601,93.9669,
WRK001775,Inner Manipur,Manipur,Imphal West,Angomcha Bimol Akoijam,"Installation of integrated solar LED street lighting units across Ram Nagar, Imphal West",POWER,3487128.13,2024-12-27,3407700.85,COMPLETED,Irrigation & Public Health Division,2024-25,2025-04-15,2025-04-04,24.9155,94.0447,
WRK001776,Inner Manipur,Manipur,Imphal West,Angomcha Bimol Akoijam,"Underground storm water drainage and sewage disposal network at Kisan Basti, Imphal West",SANITATION,4167144.57,2025-12-16,4068811.76,COMPLETED,Public Works Department (PWD),2025-26,2026-05-26,2026-05-22,24.6579,93.8292,
WRK001777,Inner Manipur,Manipur,Imphal West,Angomcha Bimol Akoijam,"Construction of Gram Panchayat Bhavan cum civic service centre at Kisan Basti, Imphal West",COMMUNITY_ASSETS,2675529.31,2025-11-19,2530127.18,COMPLETED,Rural Development Agency (DRDA),2025-26,2026-05-13,2026-05-13,24.6553,94.0776,
WRK001778,Inner Manipur,Manipur,Imphal West,Angomcha Bimol Akoijam,"Rooftop solar photovoltaic power system for primary healthcare facility at Vikas Puri, Imphal West",POWER,2904366.41,2025-12-24,2845998.42,COMPLETED,Municipal Corporation Engineering Cell,2025-26,2026-08-19,2026-08-11,24.886,93.9108,
WRK001779,Inner Manipur,Manipur,Imphal West,Angomcha Bimol Akoijam,"Construction of drinking water facility and sanitation block in school at Gandhi Chowk, Imphal West",EDUCATION,2129805.56,2025-08-14,1958923.15,COMPLETED,Zilla Parishad Engineering Division,2025-26,2026-02-12,2026-02-08,24.8233,94.083,
WRK001780,Inner Manipur,Manipur,Imphal West,Angomcha Bimol Akoijam,"Construction of Community Health Sub-Centre building at Station Road, Imphal West",HEALTH,2580116.45,2025-09-13,2389250.03,COMPLETED,Irrigation & Public Health Division,2025-26,2026-03-29,2026-03-18,24.697,94.0311,
WRK001781,Inner Manipur,Manipur,Imphal West,Angomcha Bimol Akoijam,"Bituminous surface road connectivity linking village to Sector 4, Imphal West",ROADS,2179622.88,2025-11-19,2019967.54,COMPLETED,Public Works Department (PWD),2025-26,2026-03-07,2026-02-24,24.7907,93.9376,
WRK001782,Inner Manipur,Manipur,Imphal West,Angomcha Bimol Akoijam,"Installation of piped drinking water supply scheme with solar pump at Shivaji Nagar, Imphal West",DRINKING_WATER,564476.81,2025-05-25,559340.78,COMPLETED,Rural Development Agency (DRDA),2025-26,2025-10-08,2025-10-08,24.7879,93.756,
WRK001783,Inner Manipur,Manipur,Imphal West,Angomcha Bimol Akoijam,"Underground storm water drainage and sewage disposal network at Adarsh Nagar, Imphal West",SANITATION,4023268.63,2025-11-29,3737159.58,COMPLETED,Municipal Corporation Engineering Cell,2025-26,2026-04-07,2026-03-28,24.624,93.957,
WRK001784,Inner Manipur,Manipur,Imphal West,Angomcha Bimol Akoijam,"Construction of multipurpose community welfare hall and auditorium at Subhash Ward, Imphal West",COMMUNITY_ASSETS,3568337.8,2025-11-18,3385972.98,COMPLETED,Zilla Parishad Engineering Division,2025-26,2026-04-23,2026-04-13,24.9677,93.9007,
WRK001785,Inner Manipur,Manipur,Imphal West,Angomcha Bimol Akoijam,"Supply and erection of 100 kVA distribution transformer for power stabilization at Gandhi Chowk, Imphal West",POWER,2208536.68,2026-01-08,2152615.78,COMPLETED,Irrigation & Public Health Division,2025-26,2026-07-19,2026-07-06,24.8476,93.7876,
WRK001786,Mizoram,Mizoram,Aizawl,Richard Vanlalhmangaiha,"Construction of Gram Panchayat Bhavan cum civic service centre at Kisan Basti, Aizawl",COMMUNITY_ASSETS,3441260.24,2023-09-23,3178595.97,COMPLETED,Rural Development Agency (DRDA),2023-24,2024-01-04,2023-12-22,23.8213,92.7587,
WRK001787,Mizoram,Mizoram,Aizawl,Richard Vanlalhmangaiha,"Supply and erection of 100 kVA distribution transformer for power stabilization at Model Town, Aizawl",POWER,629113.98,2023-10-04,585088.27,COMPLETED,Municipal Corporation Engineering Cell,2023-24,2024-01-18,2024-01-09,23.5848,92.5044,
WRK001788,Mizoram,Mizoram,Aizawl,Richard Vanlalhmangaiha,"Construction of drinking water facility and sanitation block in school at Sector 4, Aizawl",EDUCATION,1721024.61,2023-08-17,1587570.98,COMPLETED,Zilla Parishad Engineering Division,2023-24,2024-04-07,2024-04-01,23.8946,92.6935,
WRK001789,Mizoram,Mizoram,Aizawl,Richard Vanlalhmangaiha,"Upgradation of Primary Health Centre with maternal care equipment at Adarsh Nagar, Aizawl",HEALTH,4819377.55,2023-09-07,4447275.27,COMPLETED,Irrigation & Public Health Division,2023-24,2024-03-15,2024-03-13,23.7903,92.8895,
WRK001790,Mizoram,Mizoram,Aizawl,Richard Vanlalhmangaiha,"Construction of reinforced cement concrete culvert and approach road at Vikas Puri, Aizawl",ROADS,2767569.37,2023-06-06,2651500.69,COMPLETED,Public Works Department (PWD),2023-24,2023-12-10,2024-02-28,23.6908,92.8475,DELAYED_PROJECT
WRK001791,Mizoram,Mizoram,Aizawl,Richard Vanlalhmangaiha,"Installation of piped drinking water supply scheme with solar pump at Shivaji Nagar, Aizawl",DRINKING_WATER,4140219.04,2023-08-04,3989925.42,COMPLETED,Rural Development Agency (DRDA),2023-24,2023-12-13,2023-12-08,23.8974,92.7006,
WRK001792,Mizoram,Mizoram,Aizawl,Richard Vanlalhmangaiha,"Underground storm water drainage and sewage disposal network at Station Road, Aizawl",SANITATION,1815059.83,2023-10-06,1691101.5,COMPLETED,Municipal Corporation Engineering Cell,2023-24,2024-01-14,2024-01-01,23.8563,92.8097,
WRK001793,Mizoram,Mizoram,Aizawl,Richard Vanlalhmangaiha,"Construction of multipurpose community welfare hall and auditorium at Model Town, Aizawl",COMMUNITY_ASSETS,938575.86,2023-12-26,865341.99,COMPLETED,Zilla Parishad Engineering Division,2023-24,2024-06-12,2024-05-31,23.7189,92.8876,
WRK001794,Mizoram,Mizoram,Aizawl,Richard Vanlalhmangaiha,"Supply and erection of 100 kVA distribution transformer for power stabilization at Adarsh Nagar, Aizawl",POWER,4704950.57,2023-07-11,4478450.92,COMPLETED,Irrigation & Public Health Division,2023-24,2024-01-10,2024-01-10,23.6413,92.5285,
WRK001795,Mizoram,Mizoram,Aizawl,Richard Vanlalhmangaiha,"Setting up of computer lab and digital library in Higher Secondary School at Kisan Basti, Aizawl",EDUCATION,4738951.76,2023-06-26,4683843.48,COMPLETED,Public Works Department (PWD),2023-24,2023-12-26,2023-12-15,23.8436,92.6604,
WRK001796,Mizoram,Mizoram,Aizawl,Richard Vanlalhmangaiha,"Construction of covered shed and crematorium facility with lighting at Model Town, Aizawl",COMMUNITY_ASSETS,2188427.54,2024-09-23,3035736.77,COMPLETED,Rural Development Agency (DRDA),2024-25,2025-02-27,2025-02-27,23.851,92.8965,COST_OVERRUN
WRK001797,Mizoram,Mizoram,Aizawl,Richard Vanlalhmangaiha,"Rooftop solar photovoltaic power system for primary healthcare facility at Sector 4, Aizawl",POWER,4341746.44,2024-07-04,4205120.56,COMPLETED,Municipal Corporation Engineering Cell,2024-25,2025-01-12,2025-01-08,23.8415,92.5892,
WRK001798,Mizoram,Mizoram,Aizawl,Richard Vanlalhmangaiha,"Setting up of computer lab and digital library in Higher Secondary School at Kisan Basti, Aizawl",EDUCATION,4555270.99,2025-01-14,4240764.51,COMPLETED,Zilla Parishad Engineering Division,2024-25,2025-05-11,2025-05-06,23.867,92.869,
WRK001799,Mizoram,Mizoram,Aizawl,Richard Vanlalhmangaiha,"Upgradation of Primary Health Centre with maternal care equipment at Adarsh Nagar, Aizawl",HEALTH,4988886.58,2024-10-08,4943401.38,COMPLETED,Irrigation & Public Health Division,2024-25,2025-05-07,2025-04-26,23.5457,92.6818,
WRK001800,Mizoram,Mizoram,Aizawl,Richard Vanlalhmangaiha,"Construction of reinforced cement concrete culvert and approach road at Shivaji Nagar, Aizawl",ROADS,3066808.68,2024-09-26,2922278.49,COMPLETED,Public Works Department (PWD),2024-25,2025-01-09,2024-12-26,23.8746,92.6446,
WRK001801,Mizoram,Mizoram,Aizawl,Richard Vanlalhmangaiha,"Installation of piped drinking water supply scheme with solar pump at Sector 4, Aizawl",DRINKING_WATER,1720709.25,2024-11-18,1636590.1,COMPLETED,Rural Development Agency (DRDA),2024-25,2025-03-05,2025-03-03,23.6096,92.5327,
WRK001802,Mizoram,Mizoram,Aizawl,Richard Vanlalhmangaiha,"Installation of decentralized solid waste segregation and processing unit at Shivaji Nagar, Aizawl",SANITATION,1328985.19,2024-08-26,1253156.09,COMPLETED,Municipal Corporation Engineering Cell,2024-25,2025-03-13,2025-03-11,23.6368,92.8013,
WRK001803,Mizoram,Mizoram,Aizawl,Richard Vanlalhmangaiha,"Construction of Gram Panchayat Bhavan cum civic service centre at Kisan Basti, Aizawl",COMMUNITY_ASSETS,3601428.58,2025-01-15,3456912.89,COMPLETED,Zilla Parishad Engineering Division,2024-25,2025-07-14,2025-07-05,23.865,92.7281,
WRK001804,Mizoram,Mizoram,Aizawl,Richard Vanlalhmangaiha,"Installation of integrated solar LED street lighting units across Model Town, Aizawl",POWER,1966661.59,2024-06-29,1878074.6,COMPLETED,Irrigation & Public Health Division,2024-25,2024-12-17,2024-12-12,23.5057,92.8586,
WRK001805,Mizoram,Mizoram,Aizawl,Richard Vanlalhmangaiha,"Construction of additional classrooms in Government High School at Subhash Ward, Aizawl",EDUCATION,2843249.49,2024-08-28,2609872.38,COMPLETED,Public Works Department (PWD),2024-25,2024-12-28,2024-12-19,23.7537,92.7556,
WRK001806,Mizoram,Mizoram,Aizawl,Richard Vanlalhmangaiha,"Construction of covered shed and crematorium facility with lighting at Station Road, Aizawl",COMMUNITY_ASSETS,1474794.42,2025-10-26,1385061.38,COMPLETED,Rural Development Agency (DRDA),2025-26,2026-06-20,2026-06-14,23.882,92.6481,
WRK001807,Mizoram,Mizoram,Aizawl,Richard Vanlalhmangaiha,"Rooftop solar photovoltaic power system for primary healthcare facility at Gandhi Chowk, Aizawl",POWER,3424716.88,2025-12-27,3225624.83,COMPLETED,Municipal Corporation Engineering Cell,2025-26,2026-06-25,2026-06-15,23.8313,92.6703,
WRK001808,Mizoram,Mizoram,Aizawl,Richard Vanlalhmangaiha,"Setting up of computer lab and digital library in Higher Secondary School at Subhash Ward, Aizawl",EDUCATION,1302017.6,2025-10-24,1257395.61,COMPLETED,Zilla Parishad Engineering Division,2025-26,2026-04-29,2026-04-17,23.614,92.7638,
WRK001809,Mizoram,Mizoram,Aizawl,Richard Vanlalhmangaiha,"Upgradation of Primary Health Centre with maternal care equipment at Gandhi Chowk, Aizawl",HEALTH,3429511.41,2025-05-31,3311817.48,COMPLETED,Irrigation & Public Health Division,2025-26,2026-01-03,2025-12-20,23.8,92.7495,
WRK001810,Mizoram,Mizoram,Aizawl,Richard Vanlalhmangaiha,"Construction of reinforced cement concrete culvert and approach road at Ram Nagar, Aizawl",ROADS,1461210.96,2025-11-17,1450119.33,COMPLETED,Public Works Department (PWD),2025-26,2026-03-16,2026-03-15,23.5782,92.6878,
WRK001811,Mizoram,Mizoram,Aizawl,Richard Vanlalhmangaiha,"Construction of 50,000 litre overhead water storage tank at Subhash Ward, Aizawl",DRINKING_WATER,4736119.11,2025-04-19,4634818.53,COMPLETED,Rural Development Agency (DRDA),2025-26,2025-09-24,2025-09-22,23.8518,92.6058,
WRK001812,Mizoram,Mizoram,Aizawl,Richard Vanlalhmangaiha,"Installation of decentralized solid waste segregation and processing unit at Shivaji Nagar, Aizawl",SANITATION,4555046.35,2025-04-18,4437979.99,COMPLETED,Municipal Corporation Engineering Cell,2025-26,2025-08-25,2025-08-20,23.8162,92.8363,
WRK001813,Mizoram,Mizoram,Aizawl,Richard Vanlalhmangaiha,"Construction of Gram Panchayat Bhavan cum civic service centre at Station Road, Aizawl",COMMUNITY_ASSETS,1597976.78,2025-11-22,1478623.31,COMPLETED,Zilla Parishad Engineering Division,2025-26,2026-05-31,2026-05-28,23.8314,92.8205,
WRK001814,Mizoram,Mizoram,Aizawl,Richard Vanlalhmangaiha,"Rooftop solar photovoltaic power system for primary healthcare facility at Station Road, Aizawl",POWER,4573992.14,2025-11-08,4396314.04,COMPLETED,Irrigation & Public Health Division,2025-26,2026-03-03,2026-02-28,23.784,92.5505,
WRK001815,Mizoram,Mizoram,Aizawl,Richard Vanlalhmangaiha,"Construction of drinking water facility and sanitation block in school at Ram Nagar, Aizawl",EDUCATION,1219030.84,2026-01-24,1118126.13,COMPLETED,Public Works Department (PWD),2025-26,2026-04-30,2026-04-17,23.675,92.7516,
WRK001816,Nagaland,Nagaland,Kohima,S. Supongmeren Jamir,"Installation of integrated solar LED street lighting units across Station Road, Kohima",POWER,3362881.73,2023-12-04,3286888.39,COMPLETED,Municipal Corporation Engineering Cell,2023-24,2024-04-28,2024-04-25,25.6188,94.1142,
WRK001817,Nagaland,Nagaland,Kohima,S. Supongmeren Jamir,"Setting up of computer lab and digital library in Higher Secondary School at Sector 4, Kohima",EDUCATION,874858.36,2023-09-03,809081.91,COMPLETED,Zilla Parishad Engineering Division,2023-24,2024-04-28,2024-04-17,25.8468,93.9444,
WRK001818,Nagaland,Nagaland,Kohima,S. Supongmeren Jamir,"Construction of Community Health Sub-Centre building at Ram Nagar, Kohima",HEALTH,999957.63,2023-07-17,879759.17,COMPLETED,Irrigation & Public Health Division,2023-24,2023-12-07,2023-12-07,25.6563,94.0964,AMOUNT_CLUSTERING
WRK001819,Nagaland,Nagaland,Kohima,S. Supongmeren Jamir,"Bituminous surface road connectivity linking village to Adarsh Nagar, Kohima",ROADS,4140350.66,2023-12-02,3827243.15,COMPLETED,Public Works Department (PWD),2023-24,2024-04-15,2024-04-10,25.7639,94.1525,
WRK001820,Nagaland,Nagaland,Kohima,S. Supongmeren Jamir,"Construction of 50,000 litre overhead water storage tank at Kisan Basti, Kohima",DRINKING_WATER,527830.54,2024-01-20,744273.93,COMPLETED,Rural Development Agency (DRDA),2023-24,2024-05-20,2024-05-20,25.5771,93.9118,COST_OVERRUN
WRK001821,Nagaland,Nagaland,Kohima,S. Supongmeren Jamir,"Construction of modern community sanitary complex with bio-toilets at Sector 4, Kohima",SANITATION,1124469.28,2023-09-30,1060244.4,COMPLETED,Municipal Corporation Engineering Cell,2023-24,2024-01-30,2024-01-24,25.607,94.0926,
WRK001822,Nagaland,Nagaland,Kohima,S. Supongmeren Jamir,"Construction of Gram Panchayat Bhavan cum civic service centre at Kisan Basti, Kohima",COMMUNITY_ASSETS,2811013.68,2023-11-25,2788384.19,COMPLETED,Zilla Parishad Engineering Division,2023-24,2024-04-07,2024-03-26,25.5792,94.2384,
WRK001823,Nagaland,Nagaland,Kohima,S. Supongmeren Jamir,"Rooftop solar photovoltaic power system for primary healthcare facility at Model Town, Kohima",POWER,1247577.27,2023-09-22,1222964.29,COMPLETED,Irrigation & Public Health Division,2023-24,2024-04-09,2024-03-28,25.8531,94.0695,
WRK001824,Nagaland,Nagaland,Kohima,S. Supongmeren Jamir,"Construction of drinking water facility and sanitation block in school at Subhash Ward, Kohima",EDUCATION,1402337.89,2023-11-21,1311529.63,COMPLETED,Public Works Department (PWD),2023-24,2024-03-06,2024-03-04,25.6798,94.2558,
WRK001825,Nagaland,Nagaland,Kohima,S. Supongmeren Jamir,"Construction of Community Health Sub-Centre building at Model Town, Kohima",HEALTH,2085536.57,2024-01-12,1944167.92,COMPLETED,Rural Development Agency (DRDA),2023-24,2024-07-02,2024-06-28,25.6718,93.9744,
WRK001826,Nagaland,Nagaland,Kohima,S. Supongmeren Jamir,"Supply and erection of 100 kVA distribution transformer for power stabilization at Gandhi Chowk, Kohima",POWER,1933859.38,2024-04-20,1779728.49,COMPLETED,Municipal Corporation Engineering Cell,2024-25,2024-11-15,2024-11-09,25.727,94.0286,
WRK001827,Nagaland,Nagaland,Kohima,S. Supongmeren Jamir,"Construction of drinking water facility and sanitation block in school at Shivaji Nagar, Kohima",EDUCATION,1484239.04,2025-01-10,1409754.65,COMPLETED,Zilla Parishad Engineering Division,2024-25,2025-04-29,2025-04-24,25.7296,94.1585,
WRK001828,Nagaland,Nagaland,Kohima,S. Supongmeren Jamir,"Upgradation of Primary Health Centre with maternal care equipment at Shivaji Nagar, Kohima",HEALTH,4117300.5,2024-05-11,3962052.28,COMPLETED,Irrigation & Public Health Division,2024-25,2024-11-24,2024-11-16,25.5477,94.0811,
WRK001829,Nagaland,Nagaland,Kohima,S. Supongmeren Jamir,"Construction of reinforced cement concrete culvert and approach road at Sector 4, Kohima",ROADS,588117.87,2024-09-08,557079.87,COMPLETED,Public Works Department (PWD),2024-25,2024-12-08,2024-11-24,25.8647,94.0137,
WRK001830,Nagaland,Nagaland,Kohima,S. Supongmeren Jamir,"Construction of 50,000 litre overhead water storage tank at Sector 4, Kohima",DRINKING_WATER,2622835.18,2024-05-21,2516652.36,COMPLETED,Rural Development Agency (DRDA),2024-25,2024-11-04,2024-10-30,25.6099,94.2015,
WRK001831,Nagaland,Nagaland,Kohima,S. Supongmeren Jamir,"Underground storm water drainage and sewage disposal network at Model Town, Kohima",SANITATION,2276968.39,2024-05-10,2124231.97,COMPLETED,Municipal Corporation Engineering Cell,2024-25,2024-09-08,2024-08-24,25.8372,94.2751,
WRK001832,Nagaland,Nagaland,Kohima,S. Supongmeren Jamir,"Construction of multipurpose community welfare hall and auditorium at Gandhi Chowk, Kohima",COMMUNITY_ASSETS,4383519.08,2024-09-28,4327543.5,COMPLETED,Zilla Parishad Engineering Division,2024-25,2025-01-18,2025-01-03,25.5765,94.2609,
WRK001833,Nagaland,Nagaland,Kohima,S. Supongmeren Jamir,"Rooftop solar photovoltaic power system for primary healthcare facility at Sector 4, Kohima",POWER,4475463.52,2024-08-26,4385949.07,COMPLETED,Irrigation & Public Health Division,2024-25,2025-02-09,2025-02-02,25.53,94.0317,
WRK001834,Nagaland,Nagaland,Kohima,S. Supongmeren Jamir,"Construction of drinking water facility and sanitation block in school at Station Road, Kohima",EDUCATION,3126826.64,2024-06-25,2964430.25,COMPLETED,Public Works Department (PWD),2024-25,2024-10-30,2024-10-29,25.8012,94.2551,
WRK001835,Nagaland,Nagaland,Kohima,S. Supongmeren Jamir,"Supply of mobile health dispensary unit and diagnostic lab at Gandhi Chowk, Kohima",HEALTH,2879971.32,2025-01-08,2695955.45,COMPLETED,Rural Development Agency (DRDA),2024-25,2025-06-18,2025-06-12,25.6288,94.1923,
WRK001836,Nagaland,Nagaland,Kohima,S. Supongmeren Jamir,"Supply and erection of 100 kVA distribution transformer for power stabilization at Vikas Puri, Kohima",POWER,3475042.13,2025-08-18,3366064.52,COMPLETED,Municipal Corporation Engineering Cell,2025-26,2025-12-05,2025-12-04,25.5301,94.0978,
WRK001837,Nagaland,Nagaland,Kohima,S. Supongmeren Jamir,"Setting up of computer lab and digital library in Higher Secondary School at Shivaji Nagar, Kohima",EDUCATION,972572.36,2025-12-21,945030.07,COMPLETED,Zilla Parishad Engineering Division,2025-26,2026-08-03,2026-07-23,25.7056,94.0253,
WRK001838,Nagaland,Nagaland,Kohima,S. Supongmeren Jamir,"Supply of mobile health dispensary unit and diagnostic lab at Gandhi Chowk, Kohima",HEALTH,1488232.42,2025-06-21,1412105.64,COMPLETED,Irrigation & Public Health Division,2025-26,2026-01-28,2026-01-22,25.5812,94.0601,
WRK001839,Nagaland,Nagaland,Kohima,S. Supongmeren Jamir,"Construction of reinforced cement concrete culvert and approach road at Gandhi Chowk, Kohima",ROADS,2575454.57,2025-06-30,2531914.64,COMPLETED,Public Works Department (PWD),2025-26,2025-10-02,2026-02-06,25.8576,93.9748,DELAYED_PROJECT
WRK001840,Nagaland,Nagaland,Kohima,S. Supongmeren Jamir,"Installation of community reverse osmosis water purification plant at Gandhi Chowk, Kohima",DRINKING_WATER,2443222.86,2025-10-14,2245152.62,COMPLETED,Rural Development Agency (DRDA),2025-26,2026-05-22,2026-05-19,25.6335,94.0765,
WRK001841,Nagaland,Nagaland,Kohima,S. Supongmeren Jamir,"Installation of decentralized solid waste segregation and processing unit at Subhash Ward, Kohima",SANITATION,1827113.37,2025-07-24,1679098.4,COMPLETED,Municipal Corporation Engineering Cell,2025-26,2026-03-06,2026-02-26,25.743,94.1074,
WRK001842,Nagaland,Nagaland,Kohima,S. Supongmeren Jamir,"Construction of multipurpose community welfare hall and auditorium at Shivaji Nagar, Kohima",COMMUNITY_ASSETS,739573.51,2025-06-13,718097.02,COMPLETED,Zilla Parishad Engineering Division,2025-26,2025-09-27,2025-09-24,25.7129,94.0102,
WRK001843,Nagaland,Nagaland,Kohima,S. Supongmeren Jamir,"Supply and erection of 100 kVA distribution transformer for power stabilization at Subhash Ward, Kohima",POWER,1497755.49,2025-06-06,1404953.67,COMPLETED,Irrigation & Public Health Division,2025-26,2026-01-08,2026-01-02,25.5823,94.2143,
WRK001844,Nagaland,Nagaland,Kohima,S. Supongmeren Jamir,"Construction of drinking water facility and sanitation block in school at Sector 4, Kohima",EDUCATION,1341941.48,2025-06-03,1301032.93,COMPLETED,Public Works Department (PWD),2025-26,2025-11-18,2025-11-08,25.841,94.1752,
WRK001845,Nagaland,Nagaland,Kohima,S. Supongmeren Jamir,"Upgradation of Primary Health Centre with maternal care equipment at Adarsh Nagar, Kohima",HEALTH,1138477.99,2025-12-05,1057256.7,COMPLETED,Rural Development Agency (DRDA),2025-26,2026-05-29,2026-05-14,25.5083,94.2897,
WRK001846,Tripura West,Tripura,West Tripura,Biplab Kumar Deb,"Setting up of computer lab and digital library in Higher Secondary School at Model Town, West Tripura",EDUCATION,2699933.25,2023-04-16,2583894.26,COMPLETED,Zilla Parishad Engineering Division,2023-24,2023-07-19,2023-07-09,23.8269,91.4962,
WRK001847,Tripura West,Tripura,West Tripura,Biplab Kumar Deb,"Upgradation of Primary Health Centre with maternal care equipment at Gandhi Chowk, West Tripura",HEALTH,1878098.18,2023-06-06,1773193.53,COMPLETED,Irrigation & Public Health Division,2023-24,2023-12-02,2023-11-17,23.9959,91.2029,
WRK001848,Tripura West,Tripura,West Tripura,Biplab Kumar Deb,"Bituminous surface road connectivity linking village to Ram Nagar, West Tripura",ROADS,4518943.76,2023-10-03,4142326.77,COMPLETED,Public Works Department (PWD),2023-24,2024-05-03,2024-05-01,23.6451,91.3743,
WRK001849,Tripura West,Tripura,West Tripura,Biplab Kumar Deb,"Installation of piped drinking water supply scheme with solar pump at Station Road, West Tripura",DRINKING_WATER,2742764.78,2023-10-15,2719136.28,COMPLETED,Rural Development Agency (DRDA),2023-24,2024-05-02,2024-04-20,23.7438,91.3977,
WRK001850,Tripura West,Tripura,West Tripura,Biplab Kumar Deb,"Underground storm water drainage and sewage disposal network at Vikas Puri, West Tripura",SANITATION,4951765.12,2023-12-02,4924607.15,COMPLETED,Municipal Corporation Engineering Cell,2023-24,2024-05-29,2024-05-23,23.9552,91.2564,
WRK001851,Tripura West,Tripura,West Tripura,Biplab Kumar Deb,"Construction of multipurpose community welfare hall and auditorium at Sector 4, West Tripura",COMMUNITY_ASSETS,3666617.95,2024-01-07,3387277.56,COMPLETED,Zilla Parishad Engineering Division,2023-24,2024-07-31,2024-07-16,23.8267,91.417,
WRK001852,Tripura West,Tripura,West Tripura,Biplab Kumar Deb,"Supply and erection of 100 kVA distribution transformer for power stabilization at Station Road, West Tripura",POWER,3569433.12,2023-12-10,3494413.65,COMPLETED,Irrigation & Public Health Division,2023-24,2024-07-29,2024-07-14,23.8657,91.2215,
WRK001853,Tripura West,Tripura,West Tripura,Biplab Kumar Deb,"Setting up of computer lab and digital library in Higher Secondary School at Sector 4, West Tripura",EDUCATION,1779548.71,2023-08-05,1635391.32,COMPLETED,Public Works Department (PWD),2023-24,2024-01-20,2024-01-09,23.602,91.2409,
WRK001854,Tripura West,Tripura,West Tripura,Biplab Kumar Deb,"Construction of Community Health Sub-Centre building at Ram Nagar, West Tripura",HEALTH,3501678.35,2023-12-29,3325067.92,COMPLETED,Rural Development Agency (DRDA),2023-24,2024-04-19,2024-04-06,23.8853,91.1571,
WRK001855,Tripura West,Tripura,West Tripura,Biplab Kumar Deb,"Bituminous surface road connectivity linking village to Shivaji Nagar, West Tripura",ROADS,2632911.28,2023-05-02,2464143.97,COMPLETED,Municipal Corporation Engineering Cell,2023-24,2023-11-06,2023-10-31,23.769,91.4868,
WRK001856,Tripura West,Tripura,West Tripura,Biplab Kumar Deb,"Construction of additional classrooms in Government High School at Model Town, West Tripura",EDUCATION,3558447.26,2024-11-25,3342804.24,COMPLETED,Zilla Parishad Engineering Division,2024-25,2025-04-15,2025-04-09,23.7,91.2665,
WRK001857,Tripura West,Tripura,West Tripura,Biplab Kumar Deb,"Supply of mobile health dispensary unit and diagnostic lab at Kisan Basti, West Tripura",HEALTH,1333020.65,2025-01-20,1319411.02,COMPLETED,Irrigation & Public Health Division,2024-25,2025-05-14,2025-05-10,23.6554,91.2768,
WRK001858,Tripura West,Tripura,West Tripura,Biplab Kumar Deb,"Bituminous surface road connectivity linking village to Adarsh Nagar, West Tripura",ROADS,2609104.33,2024-11-20,2416674.66,COMPLETED,Public Works Department (PWD),2024-25,2025-07-11,2025-07-05,23.6106,91.4067,
WRK001859,Tripura West,Tripura,West Tripura,Biplab Kumar Deb,"Installation of piped drinking water supply scheme with solar pump at Model Town, West Tripura",DRINKING_WATER,2185247.27,2025-01-03,2116644.36,COMPLETED,Rural Development Agency (DRDA),2024-25,2025-06-17,2025-06-16,23.6214,91.438,
WRK001860,Tripura West,Tripura,West Tripura,Biplab Kumar Deb,"Installation of decentralized solid waste segregation and processing unit at Kisan Basti, West Tripura",SANITATION,883741.37,2024-05-13,842662.8,COMPLETED,Municipal Corporation Engineering Cell,2024-25,2024-09-07,2024-09-02,23.7334,91.139,
WRK001861,Tripura West,Tripura,West Tripura,Biplab Kumar Deb,"Construction of multipurpose community welfare hall and auditorium at Gandhi Chowk, West Tripura",COMMUNITY_ASSETS,3827760.45,2025-01-02,3776484.49,COMPLETED,Zilla Parishad Engineering Division,2024-25,2025-05-08,2025-04-27,23.8248,91.4869,
WRK001862,Tripura West,Tripura,West Tripura,Biplab Kumar Deb,"Supply and erection of 100 kVA distribution transformer for power stabilization at Ram Nagar, West Tripura",POWER,4131549.65,2024-04-19,3812383.68,COMPLETED,Irrigation & Public Health Division,2024-25,2024-08-04,2024-07-26,23.6,91.3415,
WRK001863,Tripura West,Tripura,West Tripura,Biplab Kumar Deb,"Construction of additional classrooms in Government High School at Kisan Basti, West Tripura",EDUCATION,4251762.43,2024-04-28,3970271.22,COMPLETED,Public Works Department (PWD),2024-25,2024-08-27,2024-08-20,23.72,91.2935,
WRK001864,Tripura West,Tripura,West Tripura,Biplab Kumar Deb,"Supply of mobile health dispensary unit and diagnostic lab at Kisan Basti, West Tripura",HEALTH,2451989.54,2024-06-18,2336973.26,COMPLETED,Rural Development Agency (DRDA),2024-25,2024-11-16,2024-11-10,23.6683,91.3967,
WRK001865,Tripura West,Tripura,West Tripura,Biplab Kumar Deb,"Bituminous surface road connectivity linking village to Gandhi Chowk, West Tripura",ROADS,2155851.74,2024-12-24,2021485.65,COMPLETED,Municipal Corporation Engineering Cell,2024-25,2025-04-20,2025-04-08,23.7856,91.4254,
WRK001866,Tripura West,Tripura,West Tripura,Biplab Kumar Deb,"Construction of additional classrooms in Government High School at Model Town, West Tripura",EDUCATION,659915.13,2025-09-18,628524.66,COMPLETED,Zilla Parishad Engineering Division,2025-26,2026-04-09,2026-04-08,23.6171,91.4628,
WRK001867,Tripura West,Tripura,West Tripura,Biplab Kumar Deb,"Construction of Community Health Sub-Centre building at Sector 4, West Tripura",HEALTH,2118436.94,2025-07-06,1967942.65,COMPLETED,Irrigation & Public Health Division,2025-26,2026-01-01,2025-12-21,23.961,91.31,
WRK001868,Tripura West,Tripura,West Tripura,Biplab Kumar Deb,"Bituminous surface road connectivity linking village to Model Town, West Tripura",ROADS,2576267.9,2025-10-06,2456985.6,COMPLETED,Public Works Department (PWD),2025-26,2026-03-22,2026-03-22,23.9694,91.1273,
WRK001869,Tripura West,Tripura,West Tripura,Biplab Kumar Deb,"Installation of community reverse osmosis water purification plant at Station Road, West Tripura",DRINKING_WATER,3994592.39,2025-12-31,3920256.63,COMPLETED,Rural Development Agency (DRDA),2025-26,2026-06-21,2026-06-08,23.8355,91.3323,
WRK001870,Tripura West,Tripura,West Tripura,Biplab Kumar Deb,"Construction of modern community sanitary complex with bio-toilets at Sector 4, West Tripura",SANITATION,1549355.32,2025-07-06,1531354.08,COMPLETED,Municipal Corporation Engineering Cell,2025-26,2026-02-02,2026-01-25,23.7295,91.1926,
WRK001871,Tripura West,Tripura,West Tripura,Biplab Kumar Deb,"Construction of multipurpose community welfare hall and auditorium at Station Road, West Tripura",COMMUNITY_ASSETS,3905420.63,2025-10-29,3811956.71,COMPLETED,Zilla Parishad Engineering Division,2025-26,2026-04-01,2026-03-17,23.6458,91.4387,
WRK001872,Tripura West,Tripura,West Tripura,Biplab Kumar Deb,"Installation of integrated solar LED street lighting units across Adarsh Nagar, West Tripura",POWER,3648104.91,2025-06-10,3536136.99,COMPLETED,Irrigation & Public Health Division,2025-26,2026-02-01,2026-01-24,23.8226,91.1783,
WRK001873,Tripura West,Tripura,West Tripura,Biplab Kumar Deb,"Construction of additional classrooms in Government High School at Station Road, West Tripura",EDUCATION,4170375.07,2025-11-24,3826982.78,COMPLETED,Public Works Department (PWD),2025-26,2026-07-21,2026-07-10,23.6097,91.4839,
WRK001874,Tripura West,Tripura,West Tripura,Biplab Kumar Deb,"Upgradation of Primary Health Centre with maternal care equipment at Adarsh Nagar, West Tripura",HEALTH,3065985.57,2025-11-10,2921573.45,COMPLETED,Rural Development Agency (DRDA),2025-26,2026-06-23,2026-06-19,23.7985,91.433,
WRK001875,Tripura West,Tripura,West Tripura,Biplab Kumar Deb,"Bituminous surface road connectivity linking village to Model Town, West Tripura",ROADS,4111626.58,2025-06-25,3795331.65,COMPLETED,Municipal Corporation Engineering Cell,2025-26,2025-10-11,2025-10-11,23.8277,91.1509,
WRK001876,Arunachal West,Arunachal Pradesh,Papum Pare,Kiren Rijiju,"Supply of mobile health dispensary unit and diagnostic lab at Vikas Puri, Papum Pare",HEALTH,609671.76,2023-10-02,565549.23,COMPLETED,Irrigation & Public Health Division,2023-24,2024-03-04,2024-02-27,27.0562,93.5432,
WRK001877,Arunachal West,Arunachal Pradesh,Papum Pare,Kiren Rijiju,"Construction of CC road and drainage channel from Main Market to Vikas Puri, Papum Pare",ROADS,4348702.95,2023-08-17,4181807.56,COMPLETED,Public Works Department (PWD),2023-24,2024-02-25,2024-02-18,27.1475,93.6184,
WRK001878,Arunachal West,Arunachal Pradesh,Papum Pare,Kiren Rijiju,"Installation of community reverse osmosis water purification plant at Sector 4, Papum Pare",DRINKING_WATER,2023886.39,2023-05-02,2001489.94,COMPLETED,Rural Development Agency (DRDA),2023-24,2023-08-15,2023-08-01,26.9557,93.6188,
WRK001879,Arunachal West,Arunachal Pradesh,Papum Pare,Kiren Rijiju,"Construction of modern community sanitary complex with bio-toilets at Kisan Basti, Papum Pare",SANITATION,4131161.55,2023-05-23,4024342.73,COMPLETED,Municipal Corporation Engineering Cell,2023-24,2023-08-30,2023-08-17,27.0383,93.4283,
WRK001880,Arunachal West,Arunachal Pradesh,Papum Pare,Kiren Rijiju,"Construction of covered shed and crematorium facility with lighting at Kisan Basti, Papum Pare",COMMUNITY_ASSETS,1717801.06,2023-06-21,1679190.64,COMPLETED,Zilla Parishad Engineering Division,2023-24,2024-01-26,2024-01-18,26.9901,93.5401,
WRK001881,Arunachal West,Arunachal Pradesh,Papum Pare,Kiren Rijiju,"Installation of integrated solar LED street lighting units across Sector 4, Papum Pare",POWER,3989391.81,2023-04-29,3666934.19,COMPLETED,Irrigation & Public Health Division,2023-24,2023-11-02,2023-10-30,27.1728,93.6952,
WRK001882,Arunachal West,Arunachal Pradesh,Papum Pare,Kiren Rijiju,"Construction of drinking water facility and sanitation block in school at Station Road, Papum Pare",EDUCATION,3661560.1,2023-11-22,3407051.1,COMPLETED,Public Works Department (PWD),2023-24,2024-03-21,2024-03-19,27.2589,93.793,
WRK001883,Arunachal West,Arunachal Pradesh,Papum Pare,Kiren Rijiju,"Upgradation of Primary Health Centre with maternal care equipment at Shivaji Nagar, Papum Pare",HEALTH,914158.54,2023-08-12,1019581.44,IN_PROGRESS,Rural Development Agency (DRDA),2023-24,2024-03-26,,27.1272,93.7964,PAYMENT_RISK
WRK001884,Arunachal West,Arunachal Pradesh,Papum Pare,Kiren Rijiju,"Construction of CC road and drainage channel from Main Market to Ram Nagar, Papum Pare",ROADS,1919630.68,2023-05-08,1857294.94,COMPLETED,Municipal Corporation Engineering Cell,2023-24,2023-10-19,2023-10-06,26.9519,93.5591,
WRK001885,Arunachal West,Arunachal Pradesh,Papum Pare,Kiren Rijiju,"Construction of 50,000 litre overhead water storage tank at Vikas Puri, Papum Pare",DRINKING_WATER,2734559.92,2023-07-30,2622750.51,COMPLETED,Zilla Parishad Engineering Division,2023-24,2023-12-23,2023-12-15,27.0774,93.5211,
WRK001886,Arunachal West,Arunachal Pradesh,Papum Pare,Kiren Rijiju,"Construction of Community Health Sub-Centre building at Adarsh Nagar, Papum Pare",HEALTH,2766139.73,2025-01-18,2746984.41,COMPLETED,Irrigation & Public Health Division,2024-25,2025-08-20,2025-08-12,27.0119,93.4814,
WRK001887,Arunachal West,Arunachal Pradesh,Papum Pare,Kiren Rijiju,"Bituminous surface road connectivity linking village to Vikas Puri, Papum Pare",ROADS,1059642.9,2024-08-01,1008039.39,COMPLETED,Public Works Department (PWD),2024-25,2024-11-08,2024-10-27,27.2912,93.6793,
WRK001888,Arunachal West,Arunachal Pradesh,Papum Pare,Kiren Rijiju,"Installation of piped drinking water supply scheme with solar pump at Kisan Basti, Papum Pare",DRINKING_WATER,1722266.87,2024-05-03,1578471.15,COMPLETED,Rural Development Agency (DRDA),2024-25,2024-08-22,2024-08-19,26.9239,93.7418,
WRK001889,Arunachal West,Arunachal Pradesh,Papum Pare,Kiren Rijiju,"Underground storm water drainage and sewage disposal network at Kisan Basti, Papum Pare",SANITATION,1513873.65,2024-05-08,1427316.96,COMPLETED,Municipal Corporation Engineering Cell,2024-25,2024-12-20,2024-12-05,26.9209,93.5221,
WRK001890,Arunachal West,Arunachal Pradesh,Papum Pare,Kiren Rijiju,"Construction of covered shed and crematorium facility with lighting at Adarsh Nagar, Papum Pare",COMMUNITY_ASSETS,4152047.25,2024-08-28,4059078.82,COMPLETED,Zilla Parishad Engineering Division,2024-25,2025-02-21,2025-02-07,27.1903,93.6486,
WRK001891,Arunachal West,Arunachal Pradesh,Papum Pare,Kiren Rijiju,"Installation of integrated solar LED street lighting units across Vikas Puri, Papum Pare",POWER,4795462.0,2024-10-31,4586921.88,COMPLETED,Irrigation & Public Health Division,2024-25,2025-06-14,2025-06-04,27.0854,93.629,
WRK001892,Arunachal West,Arunachal Pradesh,Papum Pare,Kiren Rijiju,"Setting up of computer lab and digital library in Higher Secondary School at Kisan Basti, Papum Pare",EDUCATION,1093678.31,2024-08-15,1030247.8,COMPLETED,Public Works Department (PWD),2024-25,2025-01-22,2025-01-19,26.9342,93.5,
WRK001893,Arunachal West,Arunachal Pradesh,Papum Pare,Kiren Rijiju,"Upgradation of Primary Health Centre with maternal care equipment at Model Town, Papum Pare",HEALTH,2134253.4,2024-09-03,1998005.66,COMPLETED,Rural Development Agency (DRDA),2024-25,2024-12-05,2024-11-25,26.9497,93.6274,
WRK001894,Arunachal West,Arunachal Pradesh,Papum Pare,Kiren Rijiju,"Bituminous surface road connectivity linking village to Kisan Basti, Papum Pare",ROADS,2484310.01,2024-04-24,2388330.25,COMPLETED,Municipal Corporation Engineering Cell,2024-25,2024-11-22,2024-11-09,27.1551,93.6226,
WRK001895,Arunachal West,Arunachal Pradesh,Papum Pare,Kiren Rijiju,"Construction of 50,000 litre overhead water storage tank at Model Town, Papum Pare",DRINKING_WATER,1913853.55,2025-01-23,1777892.68,COMPLETED,Zilla Parishad Engineering Division,2024-25,2025-07-02,2025-06-18,27.0038,93.598,
WRK001896,Arunachal West,Arunachal Pradesh,Papum Pare,Kiren Rijiju,"Supply of mobile health dispensary unit and diagnostic lab at Sector 4, Papum Pare",HEALTH,3588605.6,2025-07-19,3568357.58,COMPLETED,Irrigation & Public Health Division,2025-26,2025-10-27,2025-10-20,27.1214,93.4912,
WRK001897,Arunachal West,Arunachal Pradesh,Papum Pare,Kiren Rijiju,"Construction of CC road and drainage channel from Main Market to Adarsh Nagar, Papum Pare",ROADS,3738482.32,2026-01-17,3481735.89,COMPLETED,Public Works Department (PWD),2025-26,2026-05-06,2026-05-02,27.1028,93.4453,
WRK001898,Arunachal West,Arunachal Pradesh,Papum Pare,Kiren Rijiju,"Installation of community reverse osmosis water purification plant at Subhash Ward, Papum Pare",DRINKING_WATER,3397261.83,2025-05-22,3352388.68,COMPLETED,Rural Development Agency (DRDA),2025-26,2025-11-11,2025-11-07,27.1428,93.5441,
WRK001899,Arunachal West,Arunachal Pradesh,Papum Pare,Kiren Rijiju,"Underground storm water drainage and sewage disposal network at Ram Nagar, Papum Pare",SANITATION,1221950.22,2025-05-01,1188055.08,COMPLETED,Municipal Corporation Engineering Cell,2025-26,2025-08-05,2025-08-01,26.9425,93.4846,
WRK001900,Arunachal West,Arunachal Pradesh,Papum Pare,Kiren Rijiju,"Construction of multipurpose community welfare hall and auditorium at Subhash Ward, Papum Pare",COMMUNITY_ASSETS,3458353.34,2025-05-02,3320822.2,COMPLETED,Zilla Parishad Engineering Division,2025-26,2025-08-20,2025-08-18,27.2821,93.7835,
WRK001901,Arunachal West,Arunachal Pradesh,Papum Pare,Kiren Rijiju,"Rooftop solar photovoltaic power system for primary healthcare facility at Gandhi Chowk, Papum Pare",POWER,4098035.32,2026-01-11,3845781.68,COMPLETED,Irrigation & Public Health Division,2025-26,2026-08-22,2026-08-14,27.0764,93.5077,
WRK001902,Arunachal West,Arunachal Pradesh,Papum Pare,Kiren Rijiju,"Setting up of computer lab and digital library in Higher Secondary School at Shivaji Nagar, Papum Pare",EDUCATION,1542225.5,2025-10-18,1420968.34,COMPLETED,Public Works Department (PWD),2025-26,2026-03-18,2026-03-05,27.078,93.783,
WRK001903,Arunachal West,Arunachal Pradesh,Papum Pare,Kiren Rijiju,"Construction of Community Health Sub-Centre building at Kisan Basti, Papum Pare",HEALTH,2524602.87,2025-08-11,2446159.45,COMPLETED,Rural Development Agency (DRDA),2025-26,2025-12-11,2025-11-30,27.2703,93.498,
WRK001904,Arunachal West,Arunachal Pradesh,Papum Pare,Kiren Rijiju,"Construction of reinforced cement concrete culvert and approach road at Ram Nagar, Papum Pare",ROADS,2038341.24,2025-09-09,1991075.36,COMPLETED,Municipal Corporation Engineering Cell,2025-26,2026-04-16,2026-04-06,27.2933,93.6304,
WRK001905,Arunachal West,Arunachal Pradesh,Papum Pare,Kiren Rijiju,"Construction of 50,000 litre overhead water storage tank at Sector 4, Papum Pare",DRINKING_WATER,1046257.52,2025-07-10,1016513.46,COMPLETED,Zilla Parishad Engineering Division,2025-26,2026-02-05,2026-04-24,27.1971,93.4506,DELAYED_PROJECT
WRK001906,Chandigarh,Chandigarh,Chandigarh,Manish Tewari,"Bituminous surface road connectivity linking village to Subhash Ward, Chandigarh",ROADS,1080537.58,2023-10-14,1039821.02,COMPLETED,Public Works Department (PWD),2023-24,2024-03-27,2024-03-15,30.5476,76.959,
WRK001907,Chandigarh,Chandigarh,Chandigarh,Manish Tewari,"Installation of community reverse osmosis water purification plant at Sector 4, Chandigarh",DRINKING_WATER,3827982.07,2023-05-23,3734628.33,COMPLETED,Rural Development Agency (DRDA),2023-24,2023-12-03,2023-11-22,30.7523,76.8963,
WRK001908,Chandigarh,Chandigarh,Chandigarh,Manish Tewari,"Installation of decentralized solid waste segregation and processing unit at Station Road, Chandigarh",SANITATION,886018.84,2024-01-01,823233.58,COMPLETED,Municipal Corporation Engineering Cell,2023-24,2024-07-03,2024-06-26,30.7696,76.7814,
WRK001909,Chandigarh,Chandigarh,Chandigarh,Manish Tewari,"Construction of multipurpose community welfare hall and auditorium at Shivaji Nagar, Chandigarh",COMMUNITY_ASSETS,2720399.12,2023-09-15,2559416.8,COMPLETED,Zilla Parishad Engineering Division,2023-24,2024-04-26,2024-04-21,30.7319,76.9376,
WRK001910,Chandigarh,Chandigarh,Chandigarh,Manish Tewari,"Installation of integrated solar LED street lighting units across Station Road, Chandigarh",POWER,4170315.36,2023-05-07,3920719.45,COMPLETED,Irrigation & Public Health Division,2023-24,2023-09-27,2023-09-23,30.6722,76.7113,
WRK001911,Chandigarh,Chandigarh,Chandigarh,Manish Tewari,"Setting up of computer lab and digital library in Higher Secondary School at Station Road, Chandigarh",EDUCATION,1800211.66,2023-06-15,1755705.94,COMPLETED,Public Works Department (PWD),2023-24,2023-10-26,2023-10-18,30.6154,76.9671,
WRK001912,Chandigarh,Chandigarh,Chandigarh,Manish Tewari,"Supply of mobile health dispensary unit and diagnostic lab at Ram Nagar, Chandigarh",HEALTH,937458.42,2023-06-27,898259.89,COMPLETED,Rural Development Agency (DRDA),2023-24,2023-11-07,2023-10-29,30.5109,76.961,
WRK001913,Chandigarh,Chandigarh,Chandigarh,Manish Tewari,"Construction of CC road and drainage channel from Main Market to Kisan Basti, Chandigarh",ROADS,2165823.37,2023-04-29,2032831.69,COMPLETED,Municipal Corporation Engineering Cell,2023-24,2023-11-14,2023-11-02,30.7928,76.8084,
WRK001914,Chandigarh,Chandigarh,Chandigarh,Manish Tewari,"Installation of community reverse osmosis water purification plant at Gandhi Chowk, Chandigarh",DRINKING_WATER,4504941.73,2023-11-29,4249501.14,COMPLETED,Zilla Parishad Engineering Division,2023-24,2024-04-02,2024-03-20,30.8972,76.8927,
WRK001915,Chandigarh,Chandigarh,Chandigarh,Manish Tewari,"Installation of decentralized solid waste segregation and processing unit at Shivaji Nagar, Chandigarh",SANITATION,1977140.38,2023-05-24,1950215.29,COMPLETED,Irrigation & Public Health Division,2023-24,2023-12-31,2023-12-17,30.7688,76.6296,
WRK001916,Chandigarh,Chandigarh,Chandigarh,Manish Tewari,"Construction of reinforced cement concrete culvert and approach road at Vikas Puri, Chandigarh",ROADS,1362420.22,2024-09-25,1310522.19,COMPLETED,Public Works Department (PWD),2024-25,2025-01-02,2024-12-25,30.8797,76.8509,
WRK001917,Chandigarh,Chandigarh,Chandigarh,Manish Tewari,"Installation of community reverse osmosis water purification plant at Shivaji Nagar, Chandigarh",DRINKING_WATER,2620415.66,2024-08-29,2597006.49,COMPLETED,Rural Development Agency (DRDA),2024-25,2025-04-03,2025-03-25,30.613,76.6794,
WRK001918,Chandigarh,Chandigarh,Chandigarh,Manish Tewari,"Construction of modern community sanitary complex with bio-toilets at Subhash Ward, Chandigarh",SANITATION,2714261.33,2024-05-20,2610337.47,COMPLETED,Municipal Corporation Engineering Cell,2024-25,2024-08-27,2024-08-23,30.6673,76.7052,
WRK001919,Chandigarh,Chandigarh,Chandigarh,Manish Tewari,"Construction of Gram Panchayat Bhavan cum civic service centre at Vikas Puri, Chandigarh",COMMUNITY_ASSETS,4458926.31,2024-07-17,4273760.77,COMPLETED,Zilla Parishad Engineering Division,2024-25,2025-02-16,2025-02-10,30.6961,76.852,
WRK001920,Chandigarh,Chandigarh,Chandigarh,Manish Tewari,"Installation of integrated solar LED street lighting units across Shivaji Nagar, Chandigarh",POWER,4842113.65,2024-06-12,4475398.76,COMPLETED,Irrigation & Public Health Division,2024-25,2024-12-26,2024-12-25,30.8877,76.7302,
WRK001921,Chandigarh,Chandigarh,Chandigarh,Manish Tewari,"Setting up of computer lab and digital library in Higher Secondary School at Gandhi Chowk, Chandigarh",EDUCATION,3643436.38,2024-10-10,3534052.24,COMPLETED,Public Works Department (PWD),2024-25,2025-05-11,2025-04-26,30.836,76.9456,
WRK001922,Chandigarh,Chandigarh,Chandigarh,Manish Tewari,"Construction of Community Health Sub-Centre building at Ram Nagar, Chandigarh",HEALTH,1476502.12,2024-12-31,1397229.12,COMPLETED,Rural Development Agency (DRDA),2024-25,2025-08-21,2025-08-20,30.8087,76.7046,
WRK001923,Chandigarh,Chandigarh,Chandigarh,Manish Tewari,"Bituminous surface road connectivity linking village to Subhash Ward, Chandigarh",ROADS,4608416.09,2024-08-27,4298291.82,COMPLETED,Municipal Corporation Engineering Cell,2024-25,2025-02-19,2025-02-09,30.7545,76.6183,
WRK001924,Chandigarh,Chandigarh,Chandigarh,Manish Tewari,"Installation of community reverse osmosis water purification plant at Shivaji Nagar, Chandigarh",DRINKING_WATER,4771621.5,2024-06-11,4400485.81,COMPLETED,Zilla Parishad Engineering Division,2024-25,2025-01-25,2025-01-20,30.508,76.8889,
WRK001925,Chandigarh,Chandigarh,Chandigarh,Manish Tewari,"Underground storm water drainage and sewage disposal network at Vikas Puri, Chandigarh",SANITATION,3452426.59,2024-05-18,3357228.14,COMPLETED,Irrigation & Public Health Division,2024-25,2024-10-05,2024-09-29,30.8941,76.9353,
WRK001926,Chandigarh,Chandigarh,Chandigarh,Manish Tewari,"Bituminous surface road connectivity linking village to Adarsh Nagar, Chandigarh",ROADS,1477628.16,2025-11-13,1411312.13,COMPLETED,Public Works Department (PWD),2025-26,2026-02-20,2026-02-20,30.8382,76.902,
WRK001927,Chandigarh,Chandigarh,Chandigarh,Manish Tewari,"Installation of piped drinking water supply scheme with solar pump at Station Road, Chandigarh",DRINKING_WATER,1858976.55,2025-09-07,1757157.69,COMPLETED,Rural Development Agency (DRDA),2025-26,2026-02-07,2026-02-04,30.5135,76.9,
WRK001928,Chandigarh,Chandigarh,Chandigarh,Manish Tewari,"Construction of modern community sanitary complex with bio-toilets at Ram Nagar, Chandigarh",SANITATION,849466.71,2025-05-29,839713.1,COMPLETED,Municipal Corporation Engineering Cell,2025-26,2025-12-11,2025-11-29,30.5081,76.8971,
WRK001929,Chandigarh,Chandigarh,Chandigarh,Manish Tewari,"Construction of covered shed and crematorium facility with lighting at Model Town, Chandigarh",COMMUNITY_ASSETS,1380374.41,2025-11-02,1313719.51,COMPLETED,Zilla Parishad Engineering Division,2025-26,2026-04-23,2026-04-11,30.6701,76.8974,
WRK001930,Chandigarh,Chandigarh,Chandigarh,Manish Tewari,"Supply and erection of 100 kVA distribution transformer for power stabilization at Model Town, Chandigarh",POWER,2198965.44,2025-12-13,2105853.13,COMPLETED,Irrigation & Public Health Division,2025-26,2026-06-25,2026-06-17,30.7244,76.7933,
WRK001931,Chandigarh,Chandigarh,Chandigarh,Manish Tewari,"Setting up of computer lab and digital library in Higher Secondary School at Sector 4, Chandigarh",EDUCATION,3783527.78,2025-12-26,3740245.32,COMPLETED,Public Works Department (PWD),2025-26,2026-04-22,2026-10-21,30.6809,76.8312,DELAYED_PROJECT
WRK001932,Chandigarh,Chandigarh,Chandigarh,Manish Tewari,"Supply of mobile health dispensary unit and diagnostic lab at Ram Nagar, Chandigarh",HEALTH,1153306.27,2025-10-03,1078338.51,COMPLETED,Rural Development Agency (DRDA),2025-26,2026-05-24,2026-05-13,30.5677,76.9459,
WRK001933,Chandigarh,Chandigarh,Chandigarh,Manish Tewari,"Bituminous surface road connectivity linking village to Model Town, Chandigarh",ROADS,2863737.97,2025-12-14,2697725.59,COMPLETED,Municipal Corporation Engineering Cell,2025-26,2026-03-29,2026-03-18,30.807,76.7008,
WRK001934,Chandigarh,Chandigarh,Chandigarh,Manish Tewari,"Installation of piped drinking water supply scheme with solar pump at Adarsh Nagar, Chandigarh",DRINKING_WATER,4424180.2,2025-11-10,4278893.17,COMPLETED,Zilla Parishad Engineering Division,2025-26,2026-07-01,2026-06-26,30.8179,76.8182,
WRK001935,Chandigarh,Chandigarh,Chandigarh,Manish Tewari,"Underground storm water drainage and sewage disposal network at Kisan Basti, Chandigarh",SANITATION,3004055.47,2026-01-04,2751985.06,COMPLETED,Irrigation & Public Health Division,2025-26,2026-04-30,2026-04-18,30.6703,76.631,
WRK001936,Puducherry,Puducherry,Puducherry,V. Vaithilingam,"Construction of 50,000 litre overhead water storage tank at Gandhi Chowk, Puducherry",DRINKING_WATER,4489765.21,2023-05-05,4251594.18,COMPLETED,Rural Development Agency (DRDA),2023-24,2023-12-15,2023-12-09,11.8949,79.8996,
WRK001937,Puducherry,Puducherry,Puducherry,V. Vaithilingam,"Construction of modern community sanitary complex with bio-toilets at Subhash Ward, Puducherry",SANITATION,3748557.1,2023-09-13,3472368.69,COMPLETED,Municipal Corporation Engineering Cell,2023-24,2024-03-03,2024-02-23,11.946,79.7487,
WRK001938,Puducherry,Puducherry,Puducherry,V. Vaithilingam,"Construction of covered shed and crematorium facility with lighting at Adarsh Nagar, Puducherry",COMMUNITY_ASSETS,3225103.65,2024-01-06,2985888.49,COMPLETED,Zilla Parishad Engineering Division,2023-24,2024-06-28,2024-06-28,12.0708,79.8881,
WRK001939,Puducherry,Puducherry,Puducherry,V. Vaithilingam,"Installation of integrated solar LED street lighting units across Adarsh Nagar, Puducherry",POWER,1311274.43,2023-11-15,1256225.19,COMPLETED,Irrigation & Public Health Division,2023-24,2024-02-14,2024-02-09,11.8247,79.6751,
WRK001940,Puducherry,Puducherry,Puducherry,V. Vaithilingam,"Construction of additional classrooms in Government High School at Sector 4, Puducherry",EDUCATION,3175806.68,2023-12-11,2978065.1,COMPLETED,Public Works Department (PWD),2023-24,2024-05-06,2024-05-04,11.838,79.6057,
WRK001941,Puducherry,Puducherry,Puducherry,V. Vaithilingam,"Supply of mobile health dispensary unit and diagnostic lab at Ram Nagar, Puducherry",HEALTH,3314346.42,2023-10-21,3059930.9,COMPLETED,Rural Development Agency (DRDA),2023-24,2024-06-05,2024-05-27,11.9566,79.681,
WRK001942,Puducherry,Puducherry,Puducherry,V. Vaithilingam,"Bituminous surface road connectivity linking village to Station Road, Puducherry",ROADS,3037823.72,2023-08-28,2846984.6,COMPLETED,Municipal Corporation Engineering Cell,2023-24,2024-03-03,2024-03-03,11.8321,79.9088,
WRK001943,Puducherry,Puducherry,Puducherry,V. Vaithilingam,"Repair and patch work of installation of piped drinking water supply scheme with solar pump at station road, puducherry",DRINKING_WATER,4035033.19,2023-09-15,3848975.27,COMPLETED,Zilla Parishad Engineering Division,2023-24,2023-08-22,2023-08-22,11.7573,79.7902,DURABILITY_RISK
WRK001944,Puducherry,Puducherry,Puducherry,V. Vaithilingam,"Installation of decentralized solid waste segregation and processing unit at Kisan Basti, Puducherry",SANITATION,1869136.0,2023-09-30,1756877.46,COMPLETED,Irrigation & Public Health Division,2023-24,2024-04-07,2024-04-02,11.8509,79.7542,
WRK001945,Puducherry,Puducherry,Puducherry,V. Vaithilingam,"Construction of covered shed and crematorium facility with lighting at Gandhi Chowk, Puducherry",COMMUNITY_ASSETS,4808580.79,2023-08-03,4703355.6,COMPLETED,Public Works Department (PWD),2023-24,2023-12-07,2023-11-25,12.036,79.8242,
WRK001946,Puducherry,Puducherry,Puducherry,V. Vaithilingam,"Construction of 50,000 litre overhead water storage tank at Adarsh Nagar, Puducherry",DRINKING_WATER,617550.4,2024-07-16,614358.91,COMPLETED,Rural Development Agency (DRDA),2024-25,2025-01-10,2025-01-01,11.9914,79.6855,
WRK001947,Puducherry,Puducherry,Puducherry,V. Vaithilingam,"Underground storm water drainage and sewage disposal network at Adarsh Nagar, Puducherry",SANITATION,4709320.04,2024-07-16,4344482.79,COMPLETED,Municipal Corporation Engineering Cell,2024-25,2025-01-14,2025-01-10,11.9104,79.6022,
WRK001948,Puducherry,Puducherry,Puducherry,V. Vaithilingam,"Construction of Gram Panchayat Bhavan cum civic service centre at Vikas Puri, Puducherry",COMMUNITY_ASSETS,3230917.03,2024-04-22,3027155.71,COMPLETED,Zilla Parishad Engineering Division,2024-25,2024-11-20,2024-11-06,11.8593,79.9983,
WRK001949,Puducherry,Puducherry,Puducherry,V. Vaithilingam,"Rooftop solar photovoltaic power system for primary healthcare facility at Sector 4, Puducherry",POWER,4993901.13,2024-12-13,4610923.76,COMPLETED,Irrigation & Public Health Division,2024-25,2025-07-12,2025-07-08,12.0,79.859,
WRK001950,Puducherry,Puducherry,Puducherry,V. Vaithilingam,"Construction of additional classrooms in Government High School at Model Town, Puducherry",EDUCATION,3677230.15,2024-07-03,3552197.9,COMPLETED,Public Works Department (PWD),2024-25,2024-10-22,2024-10-08,11.8678,79.9383,
WRK001951,Puducherry,Puducherry,Puducherry,V. Vaithilingam,"Construction of Community Health Sub-Centre building at Gandhi Chowk, Puducherry",HEALTH,1757192.05,2025-01-19,1734030.36,COMPLETED,Rural Development Agency (DRDA),2024-25,2025-04-23,2025-04-13,11.8331,79.8688,
WRK001952,Puducherry,Puducherry,Puducherry,V. Vaithilingam,"Construction of reinforced cement concrete culvert and approach road at Adarsh Nagar, Puducherry",ROADS,570448.72,2025-01-05,555227.19,COMPLETED,Municipal Corporation Engineering Cell,2024-25,2025-04-20,2025-04-07,11.726,79.93,
WRK001953,Puducherry,Puducherry,Puducherry,V. Vaithilingam,"Installation of piped drinking water supply scheme with solar pump at Kisan Basti, Puducherry",DRINKING_WATER,1741931.82,2024-05-08,1637229.81,COMPLETED,Zilla Parishad Engineering Division,2024-25,2024-09-19,2024-09-15,11.9541,79.9368,
WRK001954,Puducherry,Puducherry,Puducherry,V. Vaithilingam,"Construction of modern community sanitary complex with bio-toilets at Adarsh Nagar, Puducherry",SANITATION,3063772.86,2024-12-10,2824533.29,COMPLETED,Irrigation & Public Health Division,2024-25,2025-07-06,2025-07-01,11.7353,79.9672,
WRK001955,Puducherry,Puducherry,Puducherry,V. Vaithilingam,"Construction of covered shed and crematorium facility with lighting at Sector 4, Puducherry",COMMUNITY_ASSETS,4051568.71,2024-07-11,3927879.37,COMPLETED,Public Works Department (PWD),2024-25,2024-10-29,2024-10-20,12.0509,79.9773,
WRK001956,Puducherry,Puducherry,Puducherry,V. Vaithilingam,"Installation of community reverse osmosis water purification plant at Station Road, Puducherry",DRINKING_WATER,747096.89,2025-09-21,699898.26,COMPLETED,Rural Development Agency (DRDA),2025-26,2026-01-24,2026-01-15,11.926,79.7656,
WRK001957,Puducherry,Puducherry,Puducherry,V. Vaithilingam,"Construction of modern community sanitary complex with bio-toilets at Ram Nagar, Puducherry",SANITATION,3641730.94,2025-08-26,3573849.1,COMPLETED,Municipal Corporation Engineering Cell,2025-26,2026-04-21,2026-04-11,11.8454,79.9089,
WRK001958,Puducherry,Puducherry,Puducherry,V. Vaithilingam,"Construction of multipurpose community welfare hall and auditorium at Model Town, Puducherry",COMMUNITY_ASSETS,1206399.69,2025-10-30,1123876.83,COMPLETED,Zilla Parishad Engineering Division,2025-26,2026-05-19,2026-05-12,11.8388,79.9244,
WRK001959,Puducherry,Puducherry,Puducherry,V. Vaithilingam,"Installation of integrated solar LED street lighting units across Vikas Puri, Puducherry",POWER,1666692.0,2025-08-01,1587323.71,COMPLETED,Irrigation & Public Health Division,2025-26,2025-11-28,2025-11-23,11.9068,79.8524,
WRK001960,Puducherry,Puducherry,Puducherry,V. Vaithilingam,"Setting up of computer lab and digital library in Higher Secondary School at Model Town, Puducherry",EDUCATION,3471393.67,2025-10-26,4666818.05,COMPLETED,Public Works Department (PWD),2025-26,2026-02-19,2026-02-19,11.9518,79.9477,COST_OVERRUN
WRK001961,Puducherry,Puducherry,Puducherry,V. Vaithilingam,"Construction of Community Health Sub-Centre building at Ram Nagar, Puducherry",HEALTH,2602728.38,2025-07-08,2480102.83,COMPLETED,Rural Development Agency (DRDA),2025-26,2026-01-30,2026-01-22,11.9374,79.8778,
WRK001962,Puducherry,Puducherry,Puducherry,V. Vaithilingam,"Bituminous surface road connectivity linking village to Adarsh Nagar, Puducherry",ROADS,2675580.22,2025-10-05,2538266.44,COMPLETED,Municipal Corporation Engineering Cell,2025-26,2026-03-03,2026-02-24,12.0053,79.9603,
WRK001963,Puducherry,Puducherry,Puducherry,V. Vaithilingam,"Installation of community reverse osmosis water purification plant at Subhash Ward, Puducherry",DRINKING_WATER,1239864.19,2025-04-30,1147359.49,COMPLETED,Zilla Parishad Engineering Division,2025-26,2025-12-10,2025-12-05,11.7794,79.989,
WRK001964,Puducherry,Puducherry,Puducherry,V. Vaithilingam,"Construction of modern community sanitary complex with bio-toilets at Gandhi Chowk, Puducherry",SANITATION,4069386.16,2025-09-21,4010935.04,COMPLETED,Irrigation & Public Health Division,2025-26,2026-03-31,2026-03-25,11.7661,79.6003,
WRK001965,Puducherry,Puducherry,Puducherry,V. Vaithilingam,"Construction of Gram Panchayat Bhavan cum civic service centre at Gandhi Chowk, Puducherry",COMMUNITY_ASSETS,1564938.89,2025-07-19,1432538.15,COMPLETED,Public Works Department (PWD),2025-26,2025-12-18,2025-12-08,11.7617,79.8221,
WRK001966,Dadra and Nagar Haveli,Dadra and Nagar Haveli,Dadra and Nagar Haveli,Kalaben Delkar,"Underground storm water drainage and sewage disposal network at Vikas Puri, Dadra and Nagar Haveli",SANITATION,3653645.67,2023-11-03,3380645.97,COMPLETED,Municipal Corporation Engineering Cell,2023-24,2024-05-29,2024-05-18,20.3825,73.1052,
WRK001967,Dadra and Nagar Haveli,Dadra and Nagar Haveli,Dadra and Nagar Haveli,Kalaben Delkar,"Construction of Gram Panchayat Bhavan cum civic service centre at Adarsh Nagar, Dadra and Nagar Haveli",COMMUNITY_ASSETS,4196390.22,2023-09-07,4165412.69,COMPLETED,Zilla Parishad Engineering Division,2023-24,2024-03-15,2024-02-29,20.3136,72.9387,
WRK001968,Dadra and Nagar Haveli,Dadra and Nagar Haveli,Dadra and Nagar Haveli,Kalaben Delkar,"Installation of integrated solar LED street lighting units across Model Town, Dadra and Nagar Haveli",POWER,3959052.05,2023-07-16,3827002.55,COMPLETED,Irrigation & Public Health Division,2023-24,2023-10-14,2023-10-03,20.3442,73.1007,
WRK001969,Dadra and Nagar Haveli,Dadra and Nagar Haveli,Dadra and Nagar Haveli,Kalaben Delkar,"Setting up of computer lab and digital library in Higher Secondary School at Shivaji Nagar, Dadra and Nagar Haveli",EDUCATION,1454955.92,2023-05-08,1426878.18,COMPLETED,Public Works Department (PWD),2023-24,2023-09-21,2023-09-07,20.2703,72.914,
WRK001970,Dadra and Nagar Haveli,Dadra and Nagar Haveli,Dadra and Nagar Haveli,Kalaben Delkar,"Construction of Community Health Sub-Centre building at Subhash Ward, Dadra and Nagar Haveli",HEALTH,1242798.27,2023-07-16,1202369.41,COMPLETED,Rural Development Agency (DRDA),2023-24,2024-02-10,2024-02-07,20.4225,72.9385,
WRK001971,Dadra and Nagar Haveli,Dadra and Nagar Haveli,Dadra and Nagar Haveli,Kalaben Delkar,"Construction of CC road and drainage channel from Main Market to Station Road, Dadra and Nagar Haveli",ROADS,1084446.99,2023-09-26,1059188.89,COMPLETED,Municipal Corporation Engineering Cell,2023-24,2023-12-27,2023-12-21,20.2945,73.184,
WRK001972,Dadra and Nagar Haveli,Dadra and Nagar Haveli,Dadra and Nagar Haveli,Kalaben Delkar,"Construction of 50,000 litre overhead water storage tank at Ram Nagar, Dadra and Nagar Haveli",DRINKING_WATER,3224405.8,2023-06-14,3201001.84,COMPLETED,Zilla Parishad Engineering Division,2023-24,2023-12-16,2023-12-04,20.4124,73.0848,
WRK001973,Dadra and Nagar Haveli,Dadra and Nagar Haveli,Dadra and Nagar Haveli,Kalaben Delkar,"Construction of modern community sanitary complex with bio-toilets at Subhash Ward, Dadra and Nagar Haveli",SANITATION,3926963.84,2024-01-13,3655253.46,COMPLETED,Irrigation & Public Health Division,2023-24,2024-04-13,2024-04-12,20.2348,73.1737,
WRK001974,Dadra and Nagar Haveli,Dadra and Nagar Haveli,Dadra and Nagar Haveli,Kalaben Delkar,"Construction of Gram Panchayat Bhavan cum civic service centre at Sector 4, Dadra and Nagar Haveli",COMMUNITY_ASSETS,1769016.53,2023-12-09,1678896.11,COMPLETED,Public Works Department (PWD),2023-24,2024-06-09,2024-06-03,20.12,73.0397,
WRK001975,Dadra and Nagar Haveli,Dadra and Nagar Haveli,Dadra and Nagar Haveli,Kalaben Delkar,"Installation of integrated solar LED street lighting units across Vikas Puri, Dadra and Nagar Haveli",POWER,1307909.64,2023-08-30,1273318.5,COMPLETED,Rural Development Agency (DRDA),2023-24,2024-02-19,2024-02-16,20.2191,72.8142,
WRK001976,Dadra and Nagar Haveli,Dadra and Nagar Haveli,Dadra and Nagar Haveli,Kalaben Delkar,"Construction of modern community sanitary complex with bio-toilets at Vikas Puri, Dadra and Nagar Haveli",SANITATION,1068778.15,2024-06-03,1056489.35,COMPLETED,Municipal Corporation Engineering Cell,2024-25,2024-11-10,2024-11-09,20.2382,72.9832,
WRK001977,Dadra and Nagar Haveli,Dadra and Nagar Haveli,Dadra and Nagar Haveli,Kalaben Delkar,"Construction of multipurpose community welfare hall and auditorium at Gandhi Chowk, Dadra and Nagar Haveli",COMMUNITY_ASSETS,2179132.64,2024-09-30,2155587.64,COMPLETED,Zilla Parishad Engineering Division,2024-25,2025-01-23,2025-01-17,20.2528,73.1921,
WRK001978,Dadra and Nagar Haveli,Dadra and Nagar Haveli,Dadra and Nagar Haveli,Kalaben Delkar,"Supply and erection of 100 kVA distribution transformer for power stabilization at Subhash Ward, Dadra and Nagar Haveli",POWER,1335179.55,2024-04-27,1242159.58,COMPLETED,Irrigation & Public Health Division,2024-25,2024-08-15,2024-08-08,20.4347,72.9734,
WRK001979,Dadra and Nagar Haveli,Dadra and Nagar Haveli,Dadra and Nagar Haveli,Kalaben Delkar,"Setting up of computer lab and digital library in Higher Secondary School at Model Town, Dadra and Nagar Haveli",EDUCATION,2934167.09,2025-01-04,2787328.61,COMPLETED,Public Works Department (PWD),2024-25,2025-04-16,2025-04-06,20.2497,72.9892,
WRK001980,Dadra and Nagar Haveli,Dadra and Nagar Haveli,Dadra and Nagar Haveli,Kalaben Delkar,"Construction of Community Health Sub-Centre building at Vikas Puri, Dadra and Nagar Haveli",HEALTH,3229907.82,2024-05-09,3125184.59,COMPLETED,Rural Development Agency (DRDA),2024-25,2024-10-15,2024-10-08,20.102,72.8829,
WRK001981,Dadra and Nagar Haveli,Dadra and Nagar Haveli,Dadra and Nagar Haveli,Kalaben Delkar,"Bituminous surface road connectivity linking village to Kisan Basti, Dadra and Nagar Haveli",ROADS,939490.89,2024-09-25,921789.0,COMPLETED,Municipal Corporation Engineering Cell,2024-25,2025-02-18,2025-02-16,20.1255,72.9151,
WRK001982,Dadra and Nagar Haveli,Dadra and Nagar Haveli,Dadra and Nagar Haveli,Kalaben Delkar,"Installation of community reverse osmosis water purification plant at Model Town, Dadra and Nagar Haveli",DRINKING_WATER,2941369.21,2024-10-01,2800053.49,COMPLETED,Zilla Parishad Engineering Division,2024-25,2025-03-27,2025-03-27,20.2362,72.9385,
WRK001983,Dadra and Nagar Haveli,Dadra and Nagar Haveli,Dadra and Nagar Haveli,Kalaben Delkar,"Construction of modern community sanitary complex with bio-toilets at Vikas Puri, Dadra and Nagar Haveli",SANITATION,3531067.91,2024-07-12,3328469.13,COMPLETED,Irrigation & Public Health Division,2024-25,2025-03-05,2025-02-24,20.4871,73.0526,
WRK001984,Dadra and Nagar Haveli,Dadra and Nagar Haveli,Dadra and Nagar Haveli,Kalaben Delkar,"Construction of covered shed and crematorium facility with lighting at Vikas Puri, Dadra and Nagar Haveli",COMMUNITY_ASSETS,1875680.48,2024-10-22,1769010.74,COMPLETED,Public Works Department (PWD),2024-25,2025-05-19,2025-05-17,20.1118,73.0499,
WRK001985,Dadra and Nagar Haveli,Dadra and Nagar Haveli,Dadra and Nagar Haveli,Kalaben Delkar,"Supply and erection of 100 kVA distribution transformer for power stabilization at Sector 4, Dadra and Nagar Haveli",POWER,3008935.93,2024-09-08,2776520.86,COMPLETED,Rural Development Agency (DRDA),2024-25,2025-04-23,2025-04-14,20.1527,73.0428,
WRK001986,Dadra and Nagar Haveli,Dadra and Nagar Haveli,Dadra and Nagar Haveli,Kalaben Delkar,"Construction of modern community sanitary complex with bio-toilets at Model Town, Dadra and Nagar Haveli",SANITATION,1305476.85,2025-09-11,1288553.58,COMPLETED,Municipal Corporation Engineering Cell,2025-26,2026-03-22,2026-03-15,20.32,72.9408,
WRK001987,Dadra and Nagar Haveli,Dadra and Nagar Haveli,Dadra and Nagar Haveli,Kalaben Delkar,"Construction of Gram Panchayat Bhavan cum civic service centre at Adarsh Nagar, Dadra and Nagar Haveli",COMMUNITY_ASSETS,3495955.3,2025-06-09,3311778.86,COMPLETED,Zilla Parishad Engineering Division,2025-26,2025-11-27,2025-11-26,20.3009,73.013,
WRK001988,Dadra and Nagar Haveli,Dadra and Nagar Haveli,Dadra and Nagar Haveli,Kalaben Delkar,"Supply and erection of 100 kVA distribution transformer for power stabilization at Kisan Basti, Dadra and Nagar Haveli",POWER,4659456.12,2025-07-05,4518126.16,COMPLETED,Irrigation & Public Health Division,2025-26,2026-02-16,2026-02-04,20.4319,73.1052,
WRK001989,Dadra and Nagar Haveli,Dadra and Nagar Haveli,Dadra and Nagar Haveli,Kalaben Delkar,"Setting up of computer lab and digital library in Higher Secondary School at Model Town, Dadra and Nagar Haveli",EDUCATION,4888275.39,2025-11-16,4707240.33,COMPLETED,Public Works Department (PWD),2025-26,2026-04-12,2026-04-10,20.1554,73.048,
WRK001990,Dadra and Nagar Haveli,Dadra and Nagar Haveli,Dadra and Nagar Haveli,Kalaben Delkar,"Upgradation of Primary Health Centre with maternal care equipment at Adarsh Nagar, Dadra and Nagar Haveli",HEALTH,1255357.38,2025-08-21,1187752.81,COMPLETED,Rural Development Agency (DRDA),2025-26,2026-02-21,2026-02-12,20.1091,73.0405,
WRK001991,Dadra and Nagar Haveli,Dadra and Nagar Haveli,Dadra and Nagar Haveli,Kalaben Delkar,"Construction of CC road and drainage channel from Main Market to Kisan Basti, Dadra and Nagar Haveli",ROADS,3756239.94,2025-10-21,3499165.06,COMPLETED,Municipal Corporation Engineering Cell,2025-26,2026-03-11,2026-03-10,20.2291,72.9172,
WRK001992,Dadra and Nagar Haveli,Dadra and Nagar Haveli,Dadra and Nagar Haveli,Kalaben Delkar,"Construction of 50,000 litre overhead water storage tank at Shivaji Nagar, Dadra and Nagar Haveli",DRINKING_WATER,4961698.02,2025-11-29,4886115.66,COMPLETED,Zilla Parishad Engineering Division,2025-26,2026-07-05,2026-06-25,20.3566,73.1215,
WRK001993,Dadra and Nagar Haveli,Dadra and Nagar Haveli,Dadra and Nagar Haveli,Kalaben Delkar,"Construction of modern community sanitary complex with bio-toilets at Kisan Basti, Dadra and Nagar Haveli",SANITATION,531395.55,2025-05-21,503958.09,COMPLETED,Irrigation & Public Health Division,2025-26,2025-12-30,2025-12-23,20.4982,73.1449,
WRK001994,Dadra and Nagar Haveli,Dadra and Nagar Haveli,Dadra and Nagar Haveli,Kalaben Delkar,"Construction of covered shed and crematorium facility with lighting at Vikas Puri, Dadra and Nagar Haveli",COMMUNITY_ASSETS,3727186.28,2025-06-16,3652392.8,COMPLETED,Public Works Department (PWD),2025-26,2025-09-20,2025-09-06,20.2754,73.1311,
WRK001995,Dadra and Nagar Haveli,Dadra and Nagar Haveli,Dadra and Nagar Haveli,Kalaben Delkar,"Supply and erection of 100 kVA distribution transformer for power stabilization at Subhash Ward, Dadra and Nagar Haveli",POWER,3336163.68,2026-01-02,3253714.49,COMPLETED,Rural Development Agency (DRDA),2025-26,2026-04-28,2026-04-16,20.1584,72.905,
WRK001996,Daman and Diu,Daman and Diu,Daman,Umeshbhai Patel,"Construction of Gram Panchayat Bhavan cum civic service centre at Subhash Ward, Daman",COMMUNITY_ASSETS,1141282.07,2023-10-06,1126371.93,COMPLETED,Zilla Parishad Engineering Division,2023-24,2024-03-11,2024-03-11,20.2389,72.8568,
WRK001997,Daman and Diu,Daman and Diu,Daman,Umeshbhai Patel,"Installation of integrated solar LED street lighting units across Ram Nagar, Daman",POWER,1833316.91,2023-10-08,1699194.96,COMPLETED,Irrigation & Public Health Division,2023-24,2024-03-12,2024-03-06,20.4273,72.8378,
WRK001998,Daman and Diu,Daman and Diu,Daman,Umeshbhai Patel,"Construction of additional classrooms in Government High School at Shivaji Nagar, Daman",EDUCATION,3043093.69,2023-10-22,2948338.74,COMPLETED,Public Works Department (PWD),2023-24,2024-02-29,2024-02-18,20.4271,72.7219,
WRK001999,Daman and Diu,Daman and Diu,Daman,Umeshbhai Patel,"Supply of mobile health dispensary unit and diagnostic lab at Station Road, Daman",HEALTH,3242127.36,2023-06-30,3118079.62,COMPLETED,Rural Development Agency (DRDA),2023-24,2023-11-25,2023-11-18,20.2112,72.6847,
WRK002000,Daman and Diu,Daman and Diu,Daman,Umeshbhai Patel,"Bituminous surface road connectivity linking village to Vikas Puri, Daman",ROADS,2332523.16,2024-01-05,2231914.42,COMPLETED,Municipal Corporation Engineering Cell,2023-24,2024-07-01,2024-06-28,20.4575,72.8349,
WRK002001,Daman and Diu,Daman and Diu,Daman,Umeshbhai Patel,"Construction of 50,000 litre overhead water storage tank at Station Road, Daman",DRINKING_WATER,2674127.66,2024-01-09,2506366.91,COMPLETED,Zilla Parishad Engineering Division,2023-24,2024-04-24,2024-04-12,20.3369,72.7237,
WRK002002,Daman and Diu,Daman and Diu,Daman,Umeshbhai Patel,"Installation of decentralized solid waste segregation and processing unit at Shivaji Nagar, Daman",SANITATION,2750293.31,2023-10-15,2631836.71,COMPLETED,Irrigation & Public Health Division,2023-24,2024-01-16,2024-01-08,20.536,72.9383,
WRK002003,Daman and Diu,Daman and Diu,Daman,Umeshbhai Patel,"Construction of covered shed and crematorium facility with lighting at Shivaji Nagar, Daman",COMMUNITY_ASSETS,3493143.15,2023-10-19,3432811.15,COMPLETED,Public Works Department (PWD),2023-24,2024-04-10,2024-03-28,20.403,72.7086,
WRK002004,Daman and Diu,Daman and Diu,Daman,Umeshbhai Patel,"Installation of integrated solar LED street lighting units across Kisan Basti, Daman",POWER,1618509.36,2024-01-08,1607746.6,COMPLETED,Rural Development Agency (DRDA),2023-24,2024-06-08,2024-06-01,20.2913,72.887,
WRK002005,Daman and Diu,Daman and Diu,Daman,Umeshbhai Patel,"Construction of drinking water facility and sanitation block in school at Ram Nagar, Daman",EDUCATION,3851357.24,2023-06-01,3704444.1,COMPLETED,Municipal Corporation Engineering Cell,2023-24,2023-10-02,2023-10-02,20.409,72.6243,
WRK002006,Daman and Diu,Daman and Diu,Daman,Umeshbhai Patel,"Construction of covered shed and crematorium facility with lighting at Sector 4, Daman",COMMUNITY_ASSETS,4055896.22,2024-09-26,3780904.49,COMPLETED,Zilla Parishad Engineering Division,2024-25,2025-04-17,2025-04-17,20.2334,72.679,
WRK002007,Daman and Diu,Daman and Diu,Daman,Umeshbhai Patel,"Supply and erection of 100 kVA distribution transformer for power stabilization at Model Town, Daman",POWER,3126335.48,2024-04-20,3014265.93,COMPLETED,Irrigation & Public Health Division,2024-25,2024-11-09,2024-11-08,20.511,72.6779,
WRK002008,Daman and Diu,Daman and Diu,Daman,Umeshbhai Patel,"Construction of additional classrooms in Government High School at Ram Nagar, Daman",EDUCATION,3211070.13,2024-11-10,3005998.32,COMPLETED,Public Works Department (PWD),2024-25,2025-06-17,2025-06-09,20.3933,72.7135,
WRK002009,Daman and Diu,Daman and Diu,Daman,Umeshbhai Patel,"Construction of Community Health Sub-Centre building at Ram Nagar, Daman",HEALTH,1894075.05,2024-12-29,1804372.61,COMPLETED,Rural Development Agency (DRDA),2024-25,2025-05-14,2025-05-04,20.395,72.7277,
WRK002010,Daman and Diu,Daman and Diu,Daman,Umeshbhai Patel,"Construction of CC road and drainage channel from Main Market to Gandhi Chowk, Daman",ROADS,3529429.85,2024-11-23,3449323.59,COMPLETED,Municipal Corporation Engineering Cell,2024-25,2025-05-19,2025-05-11,20.4552,72.8154,
WRK002011,Daman and Diu,Daman and Diu,Daman,Umeshbhai Patel,"Installation of piped drinking water supply scheme with solar pump at Ram Nagar, Daman",DRINKING_WATER,1881914.45,2024-12-28,1770695.63,COMPLETED,Zilla Parishad Engineering Division,2024-25,2025-06-12,2025-06-03,20.571,72.6841,
WRK002012,Daman and Diu,Daman and Diu,Daman,Umeshbhai Patel,"Underground storm water drainage and sewage disposal network at Station Road, Daman",SANITATION,3247210.94,2024-07-05,3041177.53,COMPLETED,Irrigation & Public Health Division,2024-25,2025-02-01,2025-01-25,20.4614,72.9155,
WRK002013,Daman and Diu,Daman and Diu,Daman,Umeshbhai Patel,"Construction of Gram Panchayat Bhavan cum civic service centre at Ram Nagar, Daman",COMMUNITY_ASSETS,1155843.24,2024-10-22,1096166.93,COMPLETED,Public Works Department (PWD),2024-25,2025-04-10,2025-04-07,20.3799,72.7701,
WRK002014,Daman and Diu,Daman and Diu,Daman,Umeshbhai Patel,"Installation of integrated solar LED street lighting units across Subhash Ward, Daman",POWER,3407552.84,2024-10-14,3313278.86,COMPLETED,Rural Development Agency (DRDA),2024-25,2025-03-23,2025-03-17,20.2078,72.8817,
WRK002015,Daman and Diu,Daman and Diu,Daman,Umeshbhai Patel,"Setting up of computer lab and digital library in Higher Secondary School at Sector 4, Daman",EDUCATION,2427628.56,2024-09-27,2274486.57,COMPLETED,Municipal Corporation Engineering Cell,2024-25,2025-02-15,2025-02-02,20.519,72.847,
WRK002016,Daman and Diu,Daman and Diu,Daman,Umeshbhai Patel,"Construction of Gram Panchayat Bhavan cum civic service centre at Kisan Basti, Daman",COMMUNITY_ASSETS,4793676.39,2025-12-12,4493646.94,COMPLETED,Zilla Parishad Engineering Division,2025-26,2026-06-19,2026-06-16,20.4751,72.9636,
WRK002017,Daman and Diu,Daman and Diu,Daman,Umeshbhai Patel,"Installation of integrated solar LED street lighting units across Gandhi Chowk, Daman",POWER,3381161.95,2025-05-14,3181550.46,COMPLETED,Irrigation & Public Health Division,2025-26,2025-10-23,2025-10-21,20.2444,72.6537,
WRK002018,Daman and Diu,Daman and Diu,Daman,Umeshbhai Patel,"Construction of additional classrooms in Government High School at Station Road, Daman",EDUCATION,3089058.6,2025-09-16,2957718.62,COMPLETED,Public Works Department (PWD),2025-26,2026-03-08,2026-03-02,20.4291,72.9051,
WRK002019,Daman and Diu,Daman and Diu,Daman,Umeshbhai Patel,"Supply of mobile health dispensary unit and diagnostic lab at Sector 4, Daman",HEALTH,3975227.18,2025-06-26,3874979.33,COMPLETED,Rural Development Agency (DRDA),2025-26,2025-12-13,2025-12-04,20.5829,72.7445,
WRK002020,Daman and Diu,Daman and Diu,Daman,Umeshbhai Patel,"Construction of CC road and drainage channel from Main Market to Adarsh Nagar, Daman",ROADS,1528255.91,2025-12-11,1460950.79,COMPLETED,Municipal Corporation Engineering Cell,2025-26,2026-05-16,2026-10-24,20.3021,72.8991,DELAYED_PROJECT
WRK002021,Daman and Diu,Daman and Diu,Daman,Umeshbhai Patel,"Installation of piped drinking water supply scheme with solar pump at Vikas Puri, Daman",DRINKING_WATER,4613590.8,2025-05-16,4342152.96,COMPLETED,Zilla Parishad Engineering Division,2025-26,2025-12-03,2025-12-03,20.5983,72.9839,
WRK002022,Daman and Diu,Daman and Diu,Daman,Umeshbhai Patel,"Underground storm water drainage and sewage disposal network at Model Town, Daman",SANITATION,3362053.03,2025-10-03,3303902.78,COMPLETED,Irrigation & Public Health Division,2025-26,2026-05-23,2026-05-10,20.5122,72.8127,
WRK002023,Daman and Diu,Daman and Diu,Daman,Umeshbhai Patel,"Construction of covered shed and crematorium facility with lighting at Kisan Basti, Daman",COMMUNITY_ASSETS,3891277.18,2025-07-22,3607900.47,COMPLETED,Public Works Department (PWD),2025-26,2025-12-29,2025-12-24,20.3863,72.9557,
WRK002024,Daman and Diu,Daman and Diu,Daman,Umeshbhai Patel,"Installation of integrated solar LED street lighting units across Station Road, Daman",POWER,2551044.84,2025-10-06,2461490.87,COMPLETED,Rural Development Agency (DRDA),2025-26,2026-04-24,2026-04-21,20.5558,72.7606,
WRK002025,Daman and Diu,Daman and Diu,Daman,Umeshbhai Patel,"Construction of additional classrooms in Government High School at Sector 4, Daman",EDUCATION,1952319.99,2025-08-09,1890298.98,COMPLETED,Municipal Corporation Engineering Cell,2025-26,2026-04-05,2026-04-01,20.4698,72.7306,
WRK002026,Lakshadweep,Lakshadweep,Lakshadweep,Muhammed Hamdullah Sayeed,"Rooftop solar photovoltaic power system for primary healthcare facility at Model Town, Lakshadweep",POWER,1351381.36,2023-07-03,1320782.11,COMPLETED,Irrigation & Public Health Division,2023-24,2023-10-26,2023-10-22,10.4105,72.6408,
WRK002027,Lakshadweep,Lakshadweep,Lakshadweep,Muhammed Hamdullah Sayeed,"Construction of additional classrooms in Government High School at Adarsh Nagar, Lakshadweep",EDUCATION,4684710.16,2023-09-24,4367924.74,COMPLETED,Public Works Department (PWD),2023-24,2024-02-02,2024-01-29,10.5697,72.5084,
WRK002028,Lakshadweep,Lakshadweep,Lakshadweep,Muhammed Hamdullah Sayeed,"Upgradation of Primary Health Centre with maternal care equipment at Station Road, Lakshadweep",HEALTH,1063479.86,2023-11-27,990578.93,COMPLETED,Rural Development Agency (DRDA),2023-24,2024-04-18,2024-04-15,10.5522,72.5787,
WRK002029,Lakshadweep,Lakshadweep,Lakshadweep,Muhammed Hamdullah Sayeed,"Construction of reinforced cement concrete culvert and approach road at Gandhi Chowk, Lakshadweep",ROADS,4866713.44,2023-06-02,4643470.84,COMPLETED,Municipal Corporation Engineering Cell,2023-24,2024-01-10,2024-01-06,10.4487,72.7026,
WRK002030,Lakshadweep,Lakshadweep,Lakshadweep,Muhammed Hamdullah Sayeed,"Installation of community reverse osmosis water purification plant at Adarsh Nagar, Lakshadweep",DRINKING_WATER,1369267.97,2023-11-14,1254648.79,COMPLETED,Zilla Parishad Engineering Division,2023-24,2024-05-14,2024-05-11,10.5912,72.6035,
WRK002031,Lakshadweep,Lakshadweep,Lakshadweep,Muhammed Hamdullah Sayeed,"Underground storm water drainage and sewage disposal network at Subhash Ward, Lakshadweep",SANITATION,2105527.59,2023-06-06,2044671.77,COMPLETED,Irrigation & Public Health Division,2023-24,2023-12-24,2023-12-21,10.7784,72.6608,
WRK002032,Lakshadweep,Lakshadweep,Lakshadweep,Muhammed Hamdullah Sayeed,"Construction of Gram Panchayat Bhavan cum civic service centre at Sector 4, Lakshadweep",COMMUNITY_ASSETS,3792313.73,2023-09-03,3512507.83,COMPLETED,Public Works Department (PWD),2023-24,2024-02-03,2024-02-03,10.4709,72.4037,
WRK002033,Lakshadweep,Lakshadweep,Lakshadweep,Muhammed Hamdullah Sayeed,"Installation of integrated solar LED street lighting units across Sector 4, Lakshadweep",POWER,4405195.91,2023-08-01,4213516.91,COMPLETED,Rural Development Agency (DRDA),2023-24,2024-02-13,2024-02-02,10.7293,72.5677,
WRK002034,Lakshadweep,Lakshadweep,Lakshadweep,Muhammed Hamdullah Sayeed,"Construction of drinking water facility and sanitation block in school at Station Road, Lakshadweep",EDUCATION,4457031.38,2023-10-19,4378204.32,COMPLETED,Municipal Corporation Engineering Cell,2023-24,2024-05-23,2024-05-18,10.4816,72.5615,
WRK002035,Lakshadweep,Lakshadweep,Lakshadweep,Muhammed Hamdullah Sayeed,"Upgradation of Primary Health Centre with maternal care equipment at Sector 4, Lakshadweep",HEALTH,632994.25,2023-10-02,609497.88,COMPLETED,Zilla Parishad Engineering Division,2023-24,2024-02-05,2024-01-26,10.7654,72.4186,
WRK002036,Lakshadweep,Lakshadweep,Lakshadweep,Muhammed Hamdullah Sayeed,"Installation of integrated solar LED street lighting units across Adarsh Nagar, Lakshadweep",POWER,924439.77,2024-08-08,878433.42,COMPLETED,Irrigation & Public Health Division,2024-25,2025-03-07,2025-02-20,10.5858,72.566,
WRK002037,Lakshadweep,Lakshadweep,Lakshadweep,Muhammed Hamdullah Sayeed,"Setting up of computer lab and digital library in Higher Secondary School at Kisan Basti, Lakshadweep",EDUCATION,4550613.46,2024-12-12,4337750.27,COMPLETED,Public Works Department (PWD),2024-25,2025-07-28,2025-07-19,10.5462,72.6454,
WRK002038,Lakshadweep,Lakshadweep,Lakshadweep,Muhammed Hamdullah Sayeed,"Upgradation of Primary Health Centre with maternal care equipment at Shivaji Nagar, Lakshadweep",HEALTH,1093562.21,2025-01-04,1054413.96,COMPLETED,Rural Development Agency (DRDA),2024-25,2025-04-25,2025-04-17,10.6973,72.6869,
WRK002039,Lakshadweep,Lakshadweep,Lakshadweep,Muhammed Hamdullah Sayeed,"Construction of CC road and drainage channel from Main Market to Ram Nagar, Lakshadweep",ROADS,3788217.61,2024-07-19,3733995.44,COMPLETED,Municipal Corporation Engineering Cell,2024-25,2025-02-12,2025-02-01,10.6673,72.608,
WRK002040,Lakshadweep,Lakshadweep,Lakshadweep,Muhammed Hamdullah Sayeed,"Construction of 50,000 litre overhead water storage tank at Subhash Ward, Lakshadweep",DRINKING_WATER,3481244.33,2024-10-24,3406521.47,COMPLETED,Zilla Parishad Engineering Division,2024-25,2025-01-30,2025-01-20,10.6992,72.7199,
WRK002041,Lakshadweep,Lakshadweep,Lakshadweep,Muhammed Hamdullah Sayeed,"Construction of modern community sanitary complex with bio-toilets at Station Road, Lakshadweep",SANITATION,4261660.59,2024-05-03,4113768.33,COMPLETED,Irrigation & Public Health Division,2024-25,2024-08-03,2024-07-31,10.6288,72.5935,
WRK002042,Lakshadweep,Lakshadweep,Lakshadweep,Muhammed Hamdullah Sayeed,"Construction of Gram Panchayat Bhavan cum civic service centre at Shivaji Nagar, Lakshadweep",COMMUNITY_ASSETS,3301410.3,2024-12-04,3284027.9,COMPLETED,Public Works Department (PWD),2024-25,2025-05-14,2025-05-04,10.6622,72.6058,
WRK002043,Lakshadweep,Lakshadweep,Lakshadweep,Muhammed Hamdullah Sayeed,"Supply and erection of 100 kVA distribution transformer for power stabilization at Adarsh Nagar, Lakshadweep",POWER,3978652.22,2024-12-21,3776223.02,COMPLETED,Rural Development Agency (DRDA),2024-25,2025-06-16,2025-06-01,10.7053,72.5051,
WRK002044,Lakshadweep,Lakshadweep,Lakshadweep,Muhammed Hamdullah Sayeed,"Construction of drinking water facility and sanitation block in school at Station Road, Lakshadweep",EDUCATION,1526690.99,2024-06-03,1452196.39,COMPLETED,Municipal Corporation Engineering Cell,2024-25,2025-01-19,2025-01-06,10.6851,72.4505,
WRK002045,Lakshadweep,Lakshadweep,Lakshadweep,Muhammed Hamdullah Sayeed,"Supply of mobile health dispensary unit and diagnostic lab at Station Road, Lakshadweep",HEALTH,4198987.1,2024-11-05,5585832.3,COMPLETED,Zilla Parishad Engineering Division,2024-25,2025-03-11,2025-03-11,10.736,72.4887,COST_OVERRUN
WRK002046,Lakshadweep,Lakshadweep,Lakshadweep,Muhammed Hamdullah Sayeed,"Rooftop solar photovoltaic power system for primary healthcare facility at Sector 4, Lakshadweep",POWER,2134334.59,2026-01-13,2061324.53,COMPLETED,Irrigation & Public Health Division,2025-26,2026-08-26,2026-08-18,10.4667,72.4635,
WRK002047,Lakshadweep,Lakshadweep,Lakshadweep,Muhammed Hamdullah Sayeed,"Construction of drinking water facility and sanitation block in school at Station Road, Lakshadweep",EDUCATION,4745999.89,2026-01-17,4490578.68,COMPLETED,Public Works Department (PWD),2025-26,2026-06-27,2026-06-25,10.4196,72.7877,
WRK002048,Lakshadweep,Lakshadweep,Lakshadweep,Muhammed Hamdullah Sayeed,"Construction of Community Health Sub-Centre building at Kisan Basti, Lakshadweep",HEALTH,1121926.13,2025-09-27,1092393.49,COMPLETED,Rural Development Agency (DRDA),2025-26,2026-02-28,2026-02-15,10.6833,72.6672,
WRK002049,Lakshadweep,Lakshadweep,Lakshadweep,Muhammed Hamdullah Sayeed,"Construction of CC road and drainage channel from Main Market to Subhash Ward, Lakshadweep",ROADS,1155304.16,2025-06-26,1111764.57,COMPLETED,Municipal Corporation Engineering Cell,2025-26,2025-11-25,2025-11-17,10.5565,72.4638,
WRK002050,Lakshadweep,Lakshadweep,Lakshadweep,Muhammed Hamdullah Sayeed,"Construction of 50,000 litre overhead water storage tank at Gandhi Chowk, Lakshadweep",DRINKING_WATER,4837943.22,2025-08-09,4506381.98,COMPLETED,Zilla Parishad Engineering Division,2025-26,2025-12-08,2025-11-27,10.6904,72.6344,
WRK002051,Lakshadweep,Lakshadweep,Lakshadweep,Muhammed Hamdullah Sayeed,"Installation of decentralized solid waste segregation and processing unit at Ram Nagar, Lakshadweep",SANITATION,549722.05,2025-09-30,522269.9,COMPLETED,Irrigation & Public Health Division,2025-26,2026-01-24,2026-01-12,10.7087,72.6394,
WRK002052,Lakshadweep,Lakshadweep,Lakshadweep,Muhammed Hamdullah Sayeed,"Construction of covered shed and crematorium facility with lighting at Model Town, Lakshadweep",COMMUNITY_ASSETS,1200358.85,2025-12-04,1606163.57,COMPLETED,Public Works Department (PWD),2025-26,2026-05-30,2026-05-30,10.7501,72.7798,COST_OVERRUN
WRK002053,Lakshadweep,Lakshadweep,Lakshadweep,Muhammed Hamdullah Sayeed,"Installation of integrated solar LED street lighting units across Kisan Basti, Lakshadweep",POWER,1511971.46,2025-09-12,1468317.7,COMPLETED,Rural Development Agency (DRDA),2025-26,2026-03-13,2026-03-11,10.4965,72.74,
WRK002054,Lakshadweep,Lakshadweep,Lakshadweep,Muhammed Hamdullah Sayeed,"Setting up of computer lab and digital library in Higher Secondary School at Sector 4, Lakshadweep",EDUCATION,4396127.06,2025-06-08,4257026.03,COMPLETED,Municipal Corporation Engineering Cell,2025-26,2025-11-15,2025-11-08,10.7619,72.6561,
WRK002055,Lakshadweep,Lakshadweep,Lakshadweep,Muhammed Hamdullah Sayeed,"Construction of Community Health Sub-Centre building at Gandhi Chowk, Lakshadweep",HEALTH,963168.17,2025-04-22,958144.48,COMPLETED,Zilla Parishad Engineering Division,2025-26,2025-11-24,2025-11-24,10.4886,72.5735,
